"sample_id","sample_date","year","month","depth_range","depth_cm","plot","chambered","warming_c","temp_annual_avg","co2","bacteria_copy_dry","archaea_copy_dry","fungal_copy_dry","log10_bacteria","log10_archaea","log10_fungi"
"August_2021_10_0-10",2021-08-24,2021,"August","0_10",5,10,TRUE,9,11.44074043,"Elevated",1151083.47612001,297.078313779688,330235.7036,6.0611068196365,2.47287095018952,5.51882402543259
"August_2021_10_10-20",2021-08-24,2021,"August","10_20",15,10,TRUE,9,11.44074043,"Elevated",918534.668413704,261.703204601116,193165.1086,5.96309555260332,2.41780904068367,5.28592868258176
"August_2021_10_100-125",2021-08-24,2021,"August","100_125",112.5,10,TRUE,9,11.44074043,"Elevated",17409317.1564611,2368610.1353634,1062262.199,7.24078173717151,6.37449358330866,6.02623172722021
"August_2021_10_150-175",2021-08-24,2021,"August","150_175",162.5,10,TRUE,9,11.44074043,"Elevated",83597806.5975061,6514948.60626723,4810308.52,7.92219488276083,6.81391099409272,6.68217293172448
"August_2021_10_20-30",2021-08-24,2021,"August","20_30",25,10,TRUE,9,11.44074043,"Elevated",2540148.43408537,655.037793667007,2037188.774,6.40485909544698,2.8162663581712,6.3090312743158
"August_2021_10_30-40",2021-08-24,2021,"August","30_40",35,10,TRUE,9,11.44074043,"Elevated",133719277.711261,6290042.07956998,17774658.56,8.12619402207203,6.79865355082904,7.24980126695837
"August_2021_10_40-50",2021-08-24,2021,"August","40_50",45,10,TRUE,9,11.44074043,"Elevated",28137441.2548499,510182.950117443,1110804.566,7.44928460129259,5.70772594076213,6.04563765626415
"August_2021_10_50-75",2021-08-24,2021,"August","50_75",62.5,10,TRUE,9,11.44074043,"Elevated",44860503.4775894,18744620.1802719,7151716.737,7.65186414344026,7.27287664479581,6.85441030472605
"August_2021_10_75-100",2021-08-24,2021,"August","75_100",87.5,10,TRUE,9,11.44074043,"Elevated",51738300.5601051,10120158.6280873,229089.0686,7.71381215941164,7.00518731989144,5.36000436653569
"August_2021_11_0-10",2021-08-24,2021,"August","0_10",5,11,TRUE,2.25,6.630512492,"Elevated",467502573.22578,1681321.26802777,174420180.3,8.66978400565705,6.22565070665813,8.24159673108914
"August_2021_11_10-20",2021-08-24,2021,"August","10_20",15,11,TRUE,2.25,6.630512492,"Elevated",150014792.559398,22300.2997018978,24831655.8,8.17613408579012,4.34831069973004,7.39500567971676
"August_2021_11_100-125",2021-08-24,2021,"August","100_125",112.5,11,TRUE,2.25,6.630512492,"Elevated",19925328.0169265,1615431.72598878,2586758.894,7.29940547961739,6.20828860787957,6.41275595098746
"August_2021_11_150-175",2021-08-24,2021,"August","150_175",162.5,11,TRUE,2.25,6.630512492,"Elevated",11417642.7644689,952193.773732292,597238.4065,7.05757645066515,5.97872533735426,5.77614772804612
"August_2021_11_20-30",2021-08-24,2021,"August","20_30",25,11,TRUE,2.25,6.630512492,"Elevated",204685846.225227,6778121.82076171,33921647.58,8.31108781277094,6.83110936999106,7.53047693785134
"August_2021_11_30-40",2021-08-24,2021,"August","30_40",35,11,TRUE,2.25,6.630512492,"Elevated",60692354.5634588,1965533.30978983,724921.5952,7.78313398629722,6.29348040818426,5.86029103744916
"August_2021_11_40-50",2021-08-24,2021,"August","40_50",45,11,TRUE,2.25,6.630512492,"Elevated",14356843.2347189,437825.161437884,215572.8693,7.15705895825904,5.64130071648186,5.33359410227203
"August_2021_11_50-75",2021-08-24,2021,"August","50_75",62.5,11,TRUE,2.25,6.630512492,"Elevated",7331597.67039199,1353598.26320525,729235.2957,6.86519862454948,6.13148978845436,5.86286768076842
"August_2021_11_75-100",2021-08-24,2021,"August","75_100",87.5,11,TRUE,2.25,6.630512492,"Elevated",16775201.8268052,1929622.12490593,694503.1441,7.22466775398204,6.28547227007732,5.8416742161819
"August_2021_13_0-10",2021-08-24,2021,"August","0_10",5,13,TRUE,4.5,7.525480696,"Ambient",9116127.78029,6104.94717953738,13735438.19,6.95981040403422,3.7856819107486,7.13784251890499
"August_2021_13_10-20",2021-08-24,2021,"August","10_20",15,13,TRUE,4.5,7.525480696,"Ambient",49020375.5106597,292251.415161977,16837971.29,7.69037663375373,5.46575662281266,7.22628976467948
"August_2021_13_100-125",2021-08-24,2021,"August","100_125",112.5,13,TRUE,4.5,7.525480696,"Ambient",13899735.8807517,2231553.54674511,1133738.605,7.14300654797914,6.3486073123179,6.05451293507544
"August_2021_13_150-175",2021-08-24,2021,"August","150_175",162.5,13,TRUE,4.5,7.525480696,"Ambient",4664859.75020914,1949437.73046931,1251578.978,6.66883859114235,6.28990936737962,6.09745825995892
"August_2021_13_20-30",2021-08-24,2021,"August","20_30",25,13,TRUE,4.5,7.525480696,"Ambient",170006065.087414,19024841.8495131,107312845.9,8.23046441541951,7.2793210552366,8.0306517123626
"August_2021_13_30-40",2021-08-24,2021,"August","30_40",35,13,TRUE,4.5,7.525480696,"Ambient",68018294.8044155,7795535.791801,6036617.593,7.83262574011779,6.89184596986815,6.78079366508485
"August_2021_13_40-50",2021-08-24,2021,"August","40_50",45,13,TRUE,4.5,7.525480696,"Ambient",13325040.4904058,1249782.0221199,312688.0965,7.12466853737839,6.09683427313161,5.49511134871091
"August_2021_13_50-75",2021-08-24,2021,"August","50_75",62.5,13,TRUE,4.5,7.525480696,"Ambient",6101113.24477016,228319.006169083,427506.2785,6.78540908614996,5.35854206537016,5.63094249730485
"August_2021_13_75-100",2021-08-24,2021,"August","75_100",87.5,13,TRUE,4.5,7.525480696,"Ambient",15614015.4304663,4602564.3281949,183564.1323,7.19351460421805,6.66299986717819,5.26378782574352
"August_2021_16_0-10",2021-08-24,2021,"August","0_10",5,16,TRUE,6.75,10.1702347,"Elevated",766045.583261979,622.112512232739,240370.8296,5.88425461293566,2.79386893617467,5.38088176236388
"August_2021_16_10-20",2021-08-24,2021,"August","10_20",15,16,TRUE,6.75,10.1702347,"Elevated",49892833.5670027,35529.4902480578,2932983.488,7.69803816955489,4.55058897658463,6.46730961801271
"August_2021_16_100-125",2021-08-24,2021,"August","100_125",112.5,16,TRUE,6.75,10.1702347,"Elevated",5872431.25567197,1936317.6847881,138203.7728,6.76881794150634,6.28697661197641,5.14051989892716
"August_2021_16_150-175",2021-08-24,2021,"August","150_175",162.5,16,TRUE,6.75,10.1702347,"Elevated",13686361.9428557,2031098.04601011,231118.9088,7.13628802095231,6.30773088835479,5.36383547837206
"August_2021_16_20-30",2021-08-24,2021,"August","20_30",25,16,TRUE,6.75,10.1702347,"Elevated",42188663.9819339,63845.3622383291,10661769.72,7.62519577249113,4.80512935535895,7.02782929810891
"August_2021_16_30-40",2021-08-24,2021,"August","30_40",35,16,TRUE,6.75,10.1702347,"Elevated",159995636.890428,17891398.8615345,2276850.778,8.20410813952938,7.25264429775547,6.35733456842156
"August_2021_16_40-50",2021-08-24,2021,"August","40_50",45,16,TRUE,6.75,10.1702347,"Elevated",47138633.1419747,5161592.98397359,42179.1754,7.67337698532653,6.71278375538346,4.62509808505898
"August_2021_16_50-75",2021-08-24,2021,"August","50_75",62.5,16,TRUE,6.75,10.1702347,"Elevated",19113136.9094655,2828373.54465762,582019.9004,7.28133197071116,6.45153676639441,5.76493783428245
"August_2021_16_75-100",2021-08-24,2021,"August","75_100",87.5,16,TRUE,6.75,10.1702347,"Elevated",9665844.02129576,1364946.03552888,7320454.318,6.98523978260535,6.1351154814608,6.8645380348395
"August_2021_17_0-10",2021-08-24,2021,"August","0_10",5,17,TRUE,9,11.2400165,"Ambient",75820586.6034455,316005.147290182,36744804.9,7.87978714012278,5.49969415673713,7.56519594579436
"August_2021_17_10-20",2021-08-24,2021,"August","10_20",15,17,TRUE,9,11.2400165,"Ambient",98257024.1144827,367766.380254327,29956486.93,7.99236360663139,5.56557202523543,7.47649088124459
"August_2021_17_100-125",2021-08-24,2021,"August","100_125",112.5,17,TRUE,9,11.2400165,"Ambient",8500886.59380499,7233098.93005794,75087.98506,6.9294642225046,6.85932440516133,4.87557045045834
"August_2021_17_150-175",2021-08-24,2021,"August","150_175",162.5,17,TRUE,9,11.2400165,"Ambient",12175872.4504395,7055053.94202049,1329132.819,7.08550008995537,6.84850033866192,6.12356838175283
"August_2021_17_20-30",2021-08-24,2021,"August","20_30",25,17,TRUE,9,11.2400165,"Ambient",301007478.401119,6251634.82353393,35032604.61,8.47857728558718,6.79599360166384,7.5444724275175
"August_2021_17_30-40",2021-08-24,2021,"August","30_40",35,17,TRUE,9,11.2400165,"Ambient",244287732.045819,17616282.1579259,8378783.662,8.38790165756458,7.24591425772718,6.92318097719563
"August_2021_17_40-50",2021-08-24,2021,"August","40_50",45,17,TRUE,9,11.2400165,"Ambient",38917447.3216697,6869514.99853033,2014461.29,7.59014434622966,6.83692607608468,6.3041589263777
"August_2021_17_50-75",2021-08-24,2021,"August","50_75",62.5,17,TRUE,9,11.2400165,"Ambient",66618788.904144,14934622.2142652,7723496.222,7.82359673317311,7.17419424117951,6.88781393844491
"August_2021_17_75-100",2021-08-24,2021,"August","75_100",87.5,17,TRUE,9,11.2400165,"Ambient",12688551.2358897,6129349.50406274,6429607.765,7.10341203768356,6.78741438613563,6.80818447981506
"August_2021_19_0-10",2021-08-24,2021,"August","0_10",5,19,TRUE,0,5.508795665,"Elevated",16690489.1943819,30123.9829835793,3160400.536,7.22246906593671,4.47891239360532,6.49974212678019
"August_2021_19_10-20",2021-08-24,2021,"August","10_20",15,19,TRUE,0,5.508795665,"Elevated",149970865.138051,629357.978781571,22890679.48,8.1760068967973,5.79889774240224,7.35965868433181
"August_2021_19_100-125",2021-08-24,2021,"August","100_125",87.5,19,TRUE,0,5.508795665,"Elevated",14520745.2311543,1621992.40199553,154604.5428,7.1619889057217,6.21004881548602,5.18922225079826
"August_2021_19_150-175",2021-08-24,2021,"August","150_175",87.5,19,TRUE,0,5.508795665,"Elevated",12964961.5378774,3357752.51617409,63793.84732,7.1127712327203,6.5260486832193,4.80477879464868
"August_2021_19_20-30",2021-08-24,2021,"August","20_30",25,19,TRUE,0,5.508795665,"Elevated",219130686.928663,26815133.6959335,13773468.85,8.34070320015576,7.42837996662676,7.13904333115679
"August_2021_19_30-40",2021-08-24,2021,"August","30_40",35,19,TRUE,0,5.508795665,"Elevated",151101879.820525,7864109.39624567,9266948.175,8.17926986732117,6.89564954626042,6.96693673425512
"August_2021_19_40-50",2021-08-24,2021,"August","40_50",45,19,TRUE,0,5.508795665,"Elevated",12306781.9048187,1199063.75250564,140396.636,7.09014450429666,6.07884227452949,5.14735670192384
"August_2021_19_50-75",2021-08-24,2021,"August","50_75",62.5,19,TRUE,0,5.508795665,"Elevated",5389046.40294116,3894321.94650376,105987.4448,6.73151192314966,6.59043185211735,5.02525442208529
"August_2021_19_75-100",2021-08-24,2021,"August","75_100",87.5,19,TRUE,0,5.508795665,"Elevated",6320688.71141175,1787406.92358965,77878.43252,6.80076440221748,6.25222343585837,4.89141720177499
"August_2021_20_0-10",2021-08-24,2021,"August","0_10",5,20,TRUE,2.25,5.695986406,"Ambient",172147497.865521,488479.709699069,64324865.6,8.23590071469045,5.68884652885573,7.80837888747097
"August_2021_20_10-20",2021-08-24,2021,"August","10_20",15,20,TRUE,2.25,5.695986406,"Ambient",128198074.398781,480466.726138619,13117583.69,8.10788150190461,5.68166331676054,7.11785384367192
"August_2021_20_100-125",2021-08-24,2021,"August","100_125",112.5,20,TRUE,2.25,5.695986406,"Ambient",14601007.3881895,331642.26608887,260512.8608,7.1643828207186,5.52066987398751,5.41582916808316
"August_2021_20_150-175",2021-08-24,2021,"August","150_175",162.5,20,TRUE,2.25,5.695986406,"Ambient",8863030.28994397,NA,145368.9189,6.94758223353461,NA,5.16247156062791
"August_2021_20_20-30",2021-08-24,2021,"August","20_30",25,20,TRUE,2.25,5.695986406,"Ambient",309904475.373535,7094156.21958897,7673117.107,8.49122784799145,6.8509007477895,6.88497182644728
"August_2021_20_30-40",2021-08-24,2021,"August","30_40",35,20,TRUE,2.25,5.695986406,"Ambient",15038473.9145407,1518961.10621682,47292.66243,7.17720376683266,6.18154665367077,4.67479376413404
"August_2021_20_40-50",2021-08-24,2021,"August","40_50",45,20,TRUE,2.25,5.695986406,"Ambient",33874364.1420587,7562345.70524039,39320.0284,7.52987115178838,6.87865652682796,4.59461382284166
"August_2021_20_50-75",2021-08-24,2021,"August","50_75",62.5,20,TRUE,2.25,5.695986406,"Ambient",1748976.21374643,222689.302243302,22425.01315,6.24278390306992,5.34769935449118,4.35073270638595
"August_2021_20_75-100",2021-08-24,2021,"August","75_100",87.5,20,TRUE,2.25,5.695986406,"Ambient",7235975.10035629,486195.206941568,182469.6861,6.85949706374382,5.68681067312293,5.26119072494041
"August_2021_21_0-10",2021-08-24,2021,"August","0_10",5,21,FALSE,NA,5.411051175,"Ambient",830575063.64132,9294777.62315863,15310378.83,8.9193788881445,6.96823900377006,7.18498593672982
"August_2021_21_10-20",2021-08-24,2021,"August","10_20",15,21,FALSE,NA,5.411051175,"Ambient",3607065297.27755,77218528.7264244,19211574.18,9.5571540042509,7.88772152259129,7.28356295203908
"August_2021_21_100-125",2021-08-24,2021,"August","100_125",112.5,21,FALSE,NA,5.411051175,"Ambient",117487207.582428,108976935.658592,3934.990037,8.0699905816817,8.03733459173771,3.59494363710642
"August_2021_21_150-175",2021-08-24,2021,"August","150_175",162.5,21,FALSE,NA,5.411051175,"Ambient",85811175.0694598,74144944.6291842,173079.7963,7.93354384909544,7.87008154518914,5.23824637539982
"August_2021_21_20-30",2021-08-24,2021,"August","20_30",25,21,FALSE,NA,5.411051175,"Ambient",3192223748.31871,496114451.490207,10154128.34,9.50409332417449,8.69558187793528,7.00664264823557
"August_2021_21_30-40",2021-08-24,2021,"August","30_40",35,21,FALSE,NA,5.411051175,"Ambient",2525271019.93018,705262495.78183,84639.32571,9.40230799478887,8.84835078968883,4.92757219484243
"August_2021_21_40-50",2021-08-24,2021,"August","40_50",45,21,FALSE,NA,5.411051175,"Ambient",375771406.300833,201301225.267818,14012.64427,8.57492373010666,8.30384641833343,4.14652009699232
"August_2021_21_50-75",2021-08-24,2021,"August","50_75",62.5,21,FALSE,NA,5.411051175,"Ambient",521664326.082958,376533476.755305,386442.7135,8.71739113859117,8.57580359441129,5.58708512295085
"August_2021_21_75-100",2021-08-24,2021,"August","75_100",87.5,21,FALSE,NA,5.411051175,"Ambient",169237259.442411,160798616.145352,18250.33506,8.22849598393251,8.20628230683144,4.26127084212802
"August_2021_4_0-10",2021-08-24,2021,"August","0_10",5,4,TRUE,4.5,8.340213293,"Elevated",344370620.727353,146116.253823842,1210193093,8.5370260934197,5.16469852909908,9.08285466993127
"August_2021_4_10-20",2021-08-24,2021,"August","10_20",15,4,TRUE,4.5,8.340213293,"Elevated",152665003.44315,441008.501640514,27823069.86,8.18373949184711,5.64444696175803,7.44440504620617
"August_2021_4_100-125",2021-08-24,2021,"August","100_125",112.5,4,TRUE,4.5,8.340213293,"Elevated",11106521.5278426,145918.863226875,120244.5741,7.04557806273877,5.16411143764951,5.08006548844217
"August_2021_4_150-175",2021-08-24,2021,"August","150_175",162.5,4,TRUE,4.5,8.340213293,"Elevated",7762231.45947199,224509.75857532,2355025.42,6.88998658868392,5.35123522285963,6.37199559923823
"August_2021_4_20-30",2021-08-24,2021,"August","20_30",25,4,TRUE,4.5,8.340213293,"Elevated",800743898.115265,32996874.2589674,345474554.5,8.90349363790724,7.51847280180586,8.53841606546652
"August_2021_4_30-40",2021-08-24,2021,"August","30_40",35,4,TRUE,4.5,8.340213293,"Elevated",280313356.606428,7549713.76039049,10905887.83,8.44764379188183,6.87793048611403,7.0376610265378
"August_2021_4_40-50",2021-08-24,2021,"August","40_50",45,4,TRUE,4.5,8.340213293,"Elevated",27738399.8614909,1690431.38039453,26212.28064,7.44308140441684,6.2279975461631,4.41850480905333
"August_2021_4_50-75",2021-08-24,2021,"August","50_75",62.5,4,TRUE,4.5,8.340213293,"Elevated",21399715.4760651,2278100.70290809,110441.7177,7.33040799914375,6.35757291805328,5.04313315260169
"August_2021_4_75-100",2021-08-24,2021,"August","75_100",87.5,4,TRUE,4.5,8.340213293,"Elevated",18389696.824592,4161675.47701017,24761.09824,7.26457456945058,6.61926821137808,4.39376990323153
"August_2021_6_0-10",2021-08-24,2021,"August","0_10",5,6,TRUE,0,3.676107216,"Ambient",1017740226.06581,720019.569585761,533446736.3,9.00763694029627,5.85734430038628,8.72709106240002
"August_2021_6_10-20",2021-08-24,2021,"August","10_20",15,6,TRUE,0,3.676107216,"Ambient",280296211.787832,696963.202932087,102752466,8.44761722829629,5.84320984956802,8.0117922534906
"August_2021_6_100-125",2021-08-24,2021,"August","100_125",112.5,6,TRUE,0,3.676107216,"Ambient",23835745.5994643,913193.778985235,1732803.743,7.37722874152291,5.96056294425317,6.23874937739441
"August_2021_6_150-175",2021-08-24,2021,"August","150_175",162.5,6,TRUE,0,3.676107216,"Ambient",29363104.9121206,6443583.20597051,1276957.02,7.4678019768198,6.80912744093383,6.10617627996431
"August_2021_6_20-30",2021-08-24,2021,"August","20_30",25,6,TRUE,0,3.676107216,"Ambient",253934630.473674,1034093.89419578,56156774.54,8.4047219320594,6.01455997384475,7.74940215539476
"August_2021_6_30-40",2021-08-24,2021,"August","30_40",35,6,TRUE,0,3.676107216,"Ambient",195526519.747022,4041594.03117127,11600404.68,8.29120567016509,6.60655268748784,7.0644731398498
"August_2021_6_40-50",2021-08-24,2021,"August","40_50",45,6,TRUE,0,3.676107216,"Ambient",245976648.60378,26142376.0526838,20789991.77,8.39089388001441,7.41734505760082,7.31785431741015
"August_2021_6_50-75",2021-08-24,2021,"August","50_75",62.5,6,TRUE,0,3.676107216,"Ambient",26034275.4527455,206472.126840738,585559.1752,7.41554549554145,5.31486143140983,5.76757079038057
"August_2021_6_75-100",2021-08-24,2021,"August","75_100",87.5,6,TRUE,0,3.676107216,"Ambient",17713601.4503353,2684980.27177492,1639540.732,7.24830686898199,6.4289410990148,6.21472221055287
"August_2021_7_0-10",2021-08-24,2021,"August","0_10",5,7,FALSE,NA,5.361659135,"Ambient",1893114947.73116,4888557.34200247,814087209.5,9.27717698461871,6.68918071375611,8.9106709313952
"August_2021_7_10-20",2021-08-24,2021,"August","10_20",15,7,FALSE,NA,5.361659135,"Ambient",1056387126.94257,8668583.09135673,80010503.9,9.02382310028586,6.93794811640431,7.9031470055714
"August_2021_7_100-125",2021-08-24,2021,"August","100_125",112.5,7,FALSE,NA,5.361659135,"Ambient",89552330.0566136,91282223.5971935,4989.392546,7.95207689021369,7.96038621077288,3.69804767388409
"August_2021_7_150-175",2021-08-24,2021,"August","150_175",162.5,7,FALSE,NA,5.361659135,"Ambient",28802882.9887669,31913026.984858,14839.03521,7.4594359601012,7.50396799944493,4.17140566532346
"August_2021_7_20-30",2021-08-24,2021,"August","20_30",25,7,FALSE,NA,5.361659135,"Ambient",3630398751.39235,110884893.743759,150250593.6,9.55995432917343,8.04487238464698,8.17681619645977
"August_2021_7_30-40",2021-08-24,2021,"August","30_40",35,7,FALSE,NA,5.361659135,"Ambient",1724853408.44345,346220584.707155,6726856.043,9.23675219122996,8.53935288548901,6.82781213373309
"August_2021_7_40-50",2021-08-24,2021,"August","40_50",45,7,FALSE,NA,5.361659135,"Ambient",3668891748.11859,607295591.775193,1640937.252,9.56453489794065,8.78340012868611,6.21509197433087
"August_2021_7_50-75",2021-08-24,2021,"August","50_75",62.5,7,FALSE,NA,5.361659135,"Ambient",1399538366.63477,208835712.632128,970004.764,9.1459848086181,8.31980476862543,5.98677386722896
"August_2021_7_75-100",2021-08-24,2021,"August","75_100",87.5,7,FALSE,NA,5.361659135,"Ambient",169011032.614987,198701146.720384,4990.414333,8.22791505519013,8.29820037346562,3.69813660475474
"August_2021_8_0-10",2021-08-24,2021,"August","0_10",5,8,TRUE,6.75,10.10613425,"Ambient",281892428.828305,432086.05659333,260814544,8.45008341158553,5.63557025186485,8.41633180562901
"August_2021_8_10-20",2021-08-24,2021,"August","10_20",15,8,TRUE,6.75,10.10613425,"Ambient",275279844.400234,3676706.78700143,152057804,8.4397744141314,6.5654589967808,8.18200871416883
"August_2021_8_100-125",2021-08-24,2021,"August","100_125",112.5,8,TRUE,6.75,10.10613425,"Ambient",82460614.7672254,5400746.31318532,4962595.184,7.91624656826571,6.73245377784196,6.69570884974387
"August_2021_8_150-175",2021-08-24,2021,"August","150_175",162.5,8,TRUE,6.75,10.10613425,"Ambient",24086627.6234938,1448735.7274049,1097099.628,7.3817759985441,6.1609891704282,6.04024606779896
"August_2021_8_20-30",2021-08-24,2021,"August","20_30",25,8,TRUE,6.75,10.10613425,"Ambient",245883011.058209,28300549.0650258,34897089.84,8.3907285228072,7.45179486144647,7.54278921151143
"August_2021_8_30-40",2021-08-24,2021,"August","30_40",35,8,TRUE,6.75,10.10613425,"Ambient",300918566.456346,43052902.3984128,11374597.87,8.47844898421992,7.63400243460793,7.05593605184106
"August_2021_8_40-50",2021-08-24,2021,"August","40_50",45,8,TRUE,6.75,10.10613425,"Ambient",114664811.752656,3358278.74966275,13301878.8,8.05943016239749,6.52611674136011,7.12391298644423
"August_2021_8_50-75",2021-08-24,2021,"August","50_75",62.5,8,TRUE,6.75,10.10613425,"Ambient",18054935.2347387,1519100.82440339,653644.2617,7.25659593489821,6.18158659942493,5.81534145288976
"August_2021_8_75-100",2021-08-24,2021,"August","75_100",87.5,8,TRUE,6.75,10.10613425,"Ambient",39702678.0282763,8218376.2236714,1005285.785,7.59881980181794,6.91478601866405,6.00228954156249
"June_2021_10_0-10",2021-06-23,2021,"June","0_10",5,10,TRUE,9,11.44074043,"Elevated",379275122.303355,21172226.4564151,104359185.9,8.5789543570695,7.32576653052259,8.01853068253515
"June_2021_10_10-20",2021-06-23,2021,"June","10_20",15,10,TRUE,9,11.44074043,"Elevated",465604183.517726,145220211.045701,41204956.33,8.66801687385511,8.16202706357334,7.61494945820079
"June_2021_10_100-125",2021-06-23,2021,"June","100_125",112.5,10,TRUE,9,11.44074043,"Elevated",142359777.819844,92162269.6646669,5827162.386,8.15338730153123,7.96455316150777,6.76545712077783
"June_2021_10_150-175",2021-06-23,2021,"June","150_175",162.5,10,TRUE,9,11.44074043,"Elevated",49165025.5769151,1167051.20477496,1174304.336,7.6916562694294,6.06708991128389,6.06978066447293
"June_2021_10_20-30",2021-06-23,2021,"June","20_30",25,10,TRUE,9,11.44074043,"Elevated",288927245.517801,4651405.2496892,60131604.78,8.46078849726171,6.66758417869379,7.77910279436269
"June_2021_10_30-40",2021-06-23,2021,"June","30_40",35,10,TRUE,9,11.44074043,"Elevated",87938411.4542218,24941489.9440336,1636676.677,7.94417861612907,7.39692239361503,6.2139628936676
"June_2021_10_40-50",2021-06-23,2021,"June","40_50",45,10,TRUE,9,11.44074043,"Elevated",30530391.3017413,11947599.6607925,1819371.217,7.48473237059732,7.07728066187136,6.25992131975974
"June_2021_10_50-75",2021-06-23,2021,"June","50_75",62.5,10,TRUE,9,11.44074043,"Elevated",52695876.1772917,17389458.4503465,3589836.112,7.72177662994647,7.24028605723627,6.55507462203828
"June_2021_10_75-100",2021-06-23,2021,"June","75_100",87.5,10,TRUE,9,11.44074043,"Elevated",114931549.710122,55956524.6018882,4528208.561,8.06043926266739,7.74785073310547,6.65592642144998
"June_2021_11_0-10",2021-06-23,2021,"June","0_10",5,11,TRUE,2.25,6.630512492,"Elevated",234390103.385193,33938.7227850941,1119709649,8.36993927058864,4.53069549449836,9.04910542071941
"June_2021_11_10-20",2021-06-23,2021,"June","10_20",15,11,TRUE,2.25,6.630512492,"Elevated",204788871.825259,7062097.24746139,254082795.2,8.31130635349427,6.84893369364977,8.40497525850699
"June_2021_11_100-125",2021-06-23,2021,"June","100_125",112.5,11,TRUE,2.25,6.630512492,"Elevated",24011189.1197115,3153068.52254429,11119341.02,7.3804136684011,6.49873340894629,7.04607904984874
"June_2021_11_150-175",2021-06-23,2021,"June","150_175",162.5,11,TRUE,2.25,6.630512492,"Elevated",24945336.3127538,3527929.74933282,34831971.42,7.39698936346817,6.54751992856271,7.54197805535396
"June_2021_11_20-30",2021-06-23,2021,"June","20_30",25,11,TRUE,2.25,6.630512492,"Elevated",140895101.692022,6790589.8300993,119089319.3,8.14889589484744,6.83190749870348,8.07587281289273
"June_2021_11_30-40",2021-06-23,2021,"June","30_40",35,11,TRUE,2.25,6.630512492,"Elevated",93755757.0990972,4723302.0218007,48376069.1,7.97199794519552,6.67424571652902,7.68463057594118
"June_2021_11_40-50",2021-06-23,2021,"June","40_50",45,11,TRUE,2.25,6.630512492,"Elevated",21386758.2823887,111845.371943094,13308634.06,7.3301449609734,5.04861801810488,7.12413348367555
"June_2021_11_50-75",2021-06-23,2021,"June","50_75",62.5,11,TRUE,2.25,6.630512492,"Elevated",32371347.9800289,6548641.72728042,34107302.59,7.51016078429906,6.8161512310577,7.53284737415379
"June_2021_11_75-100",2021-06-23,2021,"June","75_100",87.5,11,TRUE,2.25,6.630512492,"Elevated",27348726.8542861,8095028.01368468,13197053.26,7.43693711373973,6.90821835601313,7.12047696940376
"June_2021_13_0-10",2021-06-23,2021,"June","0_10",5,13,TRUE,4.5,7.525480696,"Ambient",382034343.531628,121626.705012085,1266873950,8.58210240619926,5.08502894143386,9.10273340608887
"June_2021_13_10-20",2021-06-23,2021,"June","10_20",15,13,TRUE,4.5,7.525480696,"Ambient",436387209.498205,5793279.94430086,409860492.6,8.63987201293886,6.76292451509108,8.6126360576853
"June_2021_13_100-125",2021-06-23,2021,"June","100_125",112.5,13,TRUE,4.5,7.525480696,"Ambient",94378608.8053688,16867951.321538,12206034.26,7.97487357130525,7.22706233903372,7.0865745846037
"June_2021_13_150-175",2021-06-23,2021,"June","150_175",162.5,13,TRUE,4.5,7.525480696,"Ambient",83148173.6367181,332057.399319378,5404169.188,7.91985271431072,5.52121316217695,6.73272893699407
"June_2021_13_20-30",2021-06-23,2021,"June","20_30",25,13,TRUE,4.5,7.525480696,"Ambient",1059311622.95475,122871393.512497,NA,9.02502373746488,8.08945078373453,NA
"June_2021_13_30-40",2021-06-23,2021,"June","30_40",35,13,TRUE,4.5,7.525480696,"Ambient",198787520.950942,1747232.52592376,96256676.49,8.29838911772603,6.24235070578754,7.98343086246318
"June_2021_13_40-50",2021-06-23,2021,"June","40_50",45,13,TRUE,4.5,7.525480696,"Ambient",148778663.772325,8047101.80667915,46996571.84,8.17254065385541,6.905639495772,7.67206617952569
"June_2021_13_50-75",2021-06-23,2021,"June","50_75",62.5,13,TRUE,4.5,7.525480696,"Ambient",227979739.823656,24275415.3415515,28015556.77,8.35789625369454,7.38516666922889,7.44739925788465
"June_2021_13_75-100",2021-06-23,2021,"June","75_100",87.5,13,TRUE,4.5,7.525480696,"Ambient",70196910.5030853,2597257.91131919,31534084.06,7.84631799844052,6.41451507781614,7.49878022098132
"June_2021_16_0-10",2021-06-23,2021,"June","0_10",5,16,TRUE,6.75,10.1702347,"Elevated",784464488.506192,16067657.9992528,18731629.22,8.8945732885286,7.20595257918248,7.27257555262799
"June_2021_16_10-20",2021-06-23,2021,"June","10_20",15,16,TRUE,6.75,10.1702347,"Elevated",902546479.113704,852571.767462583,199495645.8,8.95546957634262,5.93073094707933,8.29993342119736
"June_2021_16_100-125",2021-06-23,2021,"June","100_125",112.5,16,TRUE,6.75,10.1702347,"Elevated",71041474.981977,9249250.29250766,75833626.09,7.85151196980156,6.96610653197987,7.87986182287601
"June_2021_16_150-175",2021-06-23,2021,"June","150_175",162.5,16,TRUE,6.75,10.1702347,"Elevated",36599083.6868675,1890765.17961658,50519633.46,7.56347021231466,6.27663759572543,7.70346019091582
"June_2021_16_20-30",2021-06-23,2021,"June","20_30",25,16,TRUE,6.75,10.1702347,"Elevated",740529060.464545,8370006.50546625,34071766.17,8.86954210614116,6.92272579554248,7.53239464657065
"June_2021_16_30-40",2021-06-23,2021,"June","30_40",35,16,TRUE,6.75,10.1702347,"Elevated",608272886.678695,4385381.79159103,127973869.4,8.78409845853384,6.64200740905059,8.10712130141423
"June_2021_16_40-50",2021-06-23,2021,"June","40_50",45,16,TRUE,6.75,10.1702347,"Elevated",260573411.801903,16320789.8102566,19937984.32,8.41593009941642,7.21274117169336,7.29968125011655
"June_2021_16_50-75",2021-06-23,2021,"June","50_75",62.5,16,TRUE,6.75,10.1702347,"Elevated",106711741.38374,13459015.2090962,NA,8.0282122070311,7.12901328389227,NA
"June_2021_16_75-100",2021-06-23,2021,"June","75_100",87.5,16,TRUE,6.75,10.1702347,"Elevated",160462888.443045,15437845.6686583,52187833.51,8.20537460553808,7.1885866949963,7.71756926822581
"June_2021_17_0-10",2021-06-23,2021,"June","0_10",5,17,TRUE,9,11.2400165,"Ambient",2998882420.23612,57614438.9591777,620595298.9,9.47695943833583,7.76053133714649,8.7928084814165
"June_2021_17_10-20",2021-06-23,2021,"June","10_20",15,17,TRUE,9,11.2400165,"Ambient",1201936572.13177,136108332.396844,2219291318,9.07988154994626,8.13388471302994,9.34621431417241
"June_2021_17_100-125",2021-06-23,2021,"June","100_125",112.5,17,TRUE,9,11.2400165,"Ambient",56966154.0889448,3156520.69388,48237763.61,7.75561690026536,6.49920864087023,7.68338716492085
"June_2021_17_150-175",2021-06-23,2021,"June","150_175",162.5,17,TRUE,9,11.2400165,"Ambient",37275775.2781007,166606.912878098,29866.57521,7.57142668486815,5.221693017254,4.47518542505899
"June_2021_17_20-30",2021-06-23,2021,"June","20_30",25,17,TRUE,9,11.2400165,"Ambient",1231612873.31981,93104339.0197685,260323531.5,9.09047421967785,7.96896992124376,8.41551342718989
"June_2021_17_30-40",2021-06-23,2021,"June","30_40",35,17,TRUE,9,11.2400165,"Ambient",303341568.13175,28125061.6465651,203868237.4,8.4819319275321,7.44909348303884,8.30934956812032
"June_2021_17_40-50",2021-06-23,2021,"June","40_50",45,17,TRUE,9,11.2400165,"Ambient",106410325.940951,16101793.7638274,35783707.81,8.02698377346263,7.20687425977957,7.55368533897014
"June_2021_17_50-75",2021-06-23,2021,"June","50_75",62.5,17,TRUE,9,11.2400165,"Ambient",72357451.6247327,7170224.36634865,40877375.47,7.85948326293065,6.85553274556217,7.61148300416465
"June_2021_17_75-100",2021-06-23,2021,"June","75_100",87.5,17,TRUE,9,11.2400165,"Ambient",78174875.4366113,370491.364106289,42322719.52,7.89306719791324,5.56877808933371,7.62657356627152
"June_2021_19_0-10",2021-06-23,2021,"June","0_10",5,19,TRUE,0,5.508795665,"Elevated",730984832.496186,5154953.5550076,61550853.01,8.86390836569719,6.71222475673985,7.78923407603206
"June_2021_19_10-20",2021-06-23,2021,"June","10_20",15,19,TRUE,0,5.508795665,"Elevated",5452765.45302042,10048.9072765044,68264.93857,6.73661681720824,4.00211883891217,4.83419770375094
"June_2021_19_100-125",2021-06-23,2021,"June","100_125",112.5,19,TRUE,0,5.508795665,"Elevated",33131542.8010757,5475441.08894312,34655.00099,7.52024165967892,6.7384191106862,4.53976591558974
"June_2021_19_150-175",2021-06-23,2021,"June","150_175",162.5,19,TRUE,0,5.508795665,"Elevated",18574045.9746425,4899659.24320533,29671.7715,7.26890651618288,6.6901658771833,4.47234347586547
"June_2021_19_20-30",2021-06-23,2021,"June","20_30",25,19,TRUE,0,5.508795665,"Elevated",130013661.565,433934.919236451,1356708.675,8.113988989465,5.63742459970631,6.13248660195389
"June_2021_19_30-40",2021-06-23,2021,"June","30_40",35,19,TRUE,0,5.508795665,"Elevated",142317022.638439,218152.046443593,327008.528,8.15325684945739,5.33875929137735,5.51455907870019
"June_2021_19_40-50",2021-06-23,2021,"June","40_50",45,19,TRUE,0,5.508795665,"Elevated",NA,NA,17516.1451,NA,NA,4.2434385341376
"June_2021_19_50-75",2021-06-23,2021,"June","50_75",62.5,19,TRUE,0,5.508795665,"Elevated",34430721.2011201,2594737.40743507,335846.4151,7.53694611972432,6.41409341294655,5.5261407169027
"June_2021_19_75-100",2021-06-23,2021,"June","75_100",87.5,19,TRUE,0,5.508795665,"Elevated",36570570.6953635,93512.1368466615,57116.99916,7.56313173769416,4.97086798117692,4.75676538219795
"June_2021_20_0-10",2021-06-23,2021,"June","0_10",5,20,TRUE,2.25,5.695986406,"Ambient",100297228.55473,32123.0928100365,10327025.07,8.00128893262145,4.5068173524743,7.01397523132027
"June_2021_20_10-20",2021-06-23,2021,"June","10_20",15,20,TRUE,2.25,5.695986406,"Ambient",192668089.730559,2804604.30623026,2837192.629,8.28480979145094,6.44787159652163,6.45288882288494
"June_2021_20_100-125",2021-06-23,2021,"June","100_125",112.5,20,TRUE,2.25,5.695986406,"Ambient",39551746.2862011,414402.72722025,3310862.424,7.59716566319952,5.61742260487619,6.51994113492332
"June_2021_20_150-175",2021-06-23,2021,"June","150_175",162.5,20,TRUE,2.25,5.695986406,"Ambient",22730393.4098215,11764907.5160095,81324.65739,7.35660695240935,7.0705885175346,4.91022224233267
"June_2021_20_20-30",2021-06-23,2021,"June","20_30",25,20,TRUE,2.25,5.695986406,"Ambient",254706022.383414,5135421.44970103,3007856.729,8.4060392137385,6.71057609073151,6.47825714598657
"June_2021_20_30-40",2021-06-23,2021,"June","30_40",35,20,TRUE,2.25,5.695986406,"Ambient",66860915.9068748,217937.78944629,143171.5733,7.82517232156222,5.33833254151314,5.15585679740988
"June_2021_20_40-50",2021-06-23,2021,"June","40_50",45,20,TRUE,2.25,5.695986406,"Ambient",57514748.5158834,1367216.20464948,28393.42741,7.75977922517226,6.1358371971294,4.45321781997943
"June_2021_20_50-75",2021-06-23,2021,"June","50_75",62.5,20,TRUE,2.25,5.695986406,"Ambient",50155020.2398433,4910429.31934675,321890.3764,7.70031441000533,6.69111946419472,5.507707992719
"June_2021_20_75-100",2021-06-23,2021,"June","75_100",87.5,20,TRUE,2.25,5.695986406,"Ambient",26358549.3616558,12789171.5991237,64486.70086,7.42092150525566,7.10684241456615,4.80947015899739
"June_2021_21_0-10",2021-06-23,2021,"June","0_10",5,21,FALSE,NA,5.411051175,"Ambient",1193326189.43932,150589679.199002,4008292.817,9.07675917201105,8.17779520811623,6.60295944044456
"June_2021_21_10-20",2021-06-23,2021,"June","10_20",15,21,FALSE,NA,5.411051175,"Ambient",711581371.141655,94678368.3692197,2912689.441,8.85222456993987,7.97625076494832,6.46429418141789
"June_2021_21_100-125",2021-06-23,2021,"June","100_125",112.5,21,FALSE,NA,5.411051175,"Ambient",126957043.565749,67145337.2889445,1830.83846,8.10365680049828,7.82701585974501,3.2626500269748
"June_2021_21_150-175",2021-06-23,2021,"June","150_175",162.5,21,FALSE,NA,5.411051175,"Ambient",100793912.496413,83440135.7471191,18041.13185,8.00343430344829,7.92137500196422,4.25626378047807
"June_2021_21_20-30",2021-06-23,2021,"June","20_30",25,21,FALSE,NA,5.411051175,"Ambient",3762014138.16093,537193934.949739,1602806.431,9.57542042335517,8.73013110073396,6.2048810763001
"June_2021_21_30-40",2021-06-23,2021,"June","30_40",35,21,FALSE,NA,5.411051175,"Ambient",591219185.861661,121108676.645787,13730.24253,8.77174851905837,8.08317525862116,4.13767820865048
"June_2021_21_40-50",2021-06-23,2021,"June","40_50",45,21,FALSE,NA,5.411051175,"Ambient",243489389.9948,246473441.895226,14437.74466,8.38648004166111,8.39177012986176,4.15949935679207
"June_2021_21_50-75",2021-06-23,2021,"June","50_75",62.5,21,FALSE,NA,5.411051175,"Ambient",401509798.540915,219797442.559193,284806.4741,8.60369614837018,8.3420226349078,5.45454985727503
"June_2021_21_75-100",2021-06-23,2021,"June","75_100",87.5,21,FALSE,NA,5.411051175,"Ambient",317632317.198239,181838447.355934,53296.1211,8.5019246828824,8.25968571446994,4.72669560215666
"June_2021_4_0-10",2021-06-23,2021,"June","0_10",5,4,TRUE,4.5,8.340213293,"Elevated",8218730213.81369,8617219.00320514,414413486.4,9.91480472462863,6.93536713050794,8.6174338803612
"June_2021_4_10-20",2021-06-23,2021,"June","10_20",15,4,TRUE,4.5,8.340213293,"Elevated",7748469532.23652,91169977.6453466,208621520.1,9.88921592968788,7.95985184831168,8.31935910552207
"June_2021_4_100-125",2021-06-23,2021,"June","100_125",112.5,4,TRUE,4.5,8.340213293,"Elevated",16934088.4417288,10299149.3537664,1243549.542,7.22876182363302,7.01280135614,6.09466309188873
"June_2021_4_150-175",2021-06-23,2021,"June","150_175",162.5,4,TRUE,4.5,8.340213293,"Elevated",64895625.272727,15167942.1660597,1141120.95,7.81221542123871,7.18092666407304,6.05733167871595
"June_2021_4_20-30",2021-06-23,2021,"June","20_30",25,4,TRUE,4.5,8.340213293,"Elevated",8918272660.98145,130412059.299096,98355591.8,9.9502807460299,8.11531775278315,7.99279905585525
"June_2021_4_30-40",2021-06-23,2021,"June","30_40",35,4,TRUE,4.5,8.340213293,"Elevated",133639660.348391,33516898.6425287,1825304.975,8.12593536318723,7.52526382604566,6.26133543750159
"June_2021_4_40-50",2021-06-23,2021,"June","40_50",45,4,TRUE,4.5,8.340213293,"Elevated",58827352.6879244,34025202.8487336,475840.3034,7.769579304976,7.5318007230252,5.67746122375196
"June_2021_4_50-75",2021-06-23,2021,"June","50_75",62.5,4,TRUE,4.5,8.340213293,"Elevated",72683610.0452445,31060166.4653828,1457416.284,7.86143648968433,7.49220377897797,6.16358361767391
"June_2021_4_75-100",2021-06-23,2021,"June","75_100",87.5,4,TRUE,4.5,8.340213293,"Elevated",54360689.6197403,30478143.3088849,1719622.49,7.73528495755545,7.48398850678612,6.2354331163816
"June_2021_6_0-10",2021-06-23,2021,"June","0_10",5,6,TRUE,0,3.676107216,"Ambient",3363493574.46313,11877141.0582076,83498838.01,9.52679060235393,7.07471191437684,7.92168043177873
"June_2021_6_10-20",2021-06-23,2021,"June","10_20",15,6,TRUE,0,3.676107216,"Ambient",5062588536.83959,116505242.238171,154306430.6,9.70437263142759,8.066345467198,8.18838402532369
"June_2021_6_100-125",2021-06-23,2021,"June","100_125",112.5,6,TRUE,0,3.676107216,"Ambient",15494221.1504654,22033135.7693361,3702272.008,7.19016975040064,7.34307631060538,6.56846832344815
"June_2021_6_150-175",2021-06-23,2021,"June","150_175",162.5,6,TRUE,0,3.676107216,"Ambient",29867094.6640623,5170152.43143861,4588591.169,7.47519297845503,6.71350334757301,6.66167936496055
"June_2021_6_20-30",2021-06-23,2021,"June","20_30",25,6,TRUE,0,3.676107216,"Ambient",288665190.542858,38483378.5699976,35316674.9,8.46039441648684,7.58527319304082,7.54797980757371
"June_2021_6_30-40",2021-06-23,2021,"June","30_40",35,6,TRUE,0,3.676107216,"Ambient",724979131.617973,239642356.574459,63014925.93,8.86032550566948,8.37956358166717,7.79944343010869
"June_2021_6_40-50",2021-06-23,2021,"June","40_50",45,6,TRUE,0,3.676107216,"Ambient",958118260.175027,159370030.505765,22064633.69,8.98141911719092,8.20240665576973,7.34369672182481
"June_2021_6_50-75",2021-06-23,2021,"June","50_75",62.5,6,TRUE,0,3.676107216,"Ambient",68537711.9487933,62560738.9438254,2233301.738,7.83592960192344,7.79630186980452,6.34894740390237
"June_2021_6_75-100",2021-06-23,2021,"June","75_100",87.5,6,TRUE,0,3.676107216,"Ambient",129651859.421516,22168780.1175068,9191649.201,8.11277874964924,7.34574179582935,6.96339344116139
"June_2021_7_0-10",2021-06-23,2021,"June","0_10",5,7,FALSE,NA,5.361659135,"Ambient",3766757988.41938,10636217.4530393,304630215.7,9.57596771798124,7.02678720772023,8.483772977992
"June_2021_7_10-20",2021-06-23,2021,"June","10_20",15,7,FALSE,NA,5.361659135,"Ambient",7449587979.76586,65815546.6390452,1084721618,9.87213225354529,7.81832849273318,9.03531829553115
"June_2021_7_100-125",2021-06-23,2021,"June","100_125",112.5,7,FALSE,NA,5.361659135,"Ambient",53687175.2066254,24032036.4619535,23641.13731,7.72987055381519,7.38079057424606,4.3736683654231
"June_2021_7_150-175",2021-06-23,2021,"June","150_175",162.5,7,FALSE,NA,5.361659135,"Ambient",192673090.521307,79804647.3160713,451479.1286,8.28482106362188,7.90202818264093,5.65463767814152
"June_2021_7_20-30",2021-06-23,2021,"June","20_30",25,7,FALSE,NA,5.361659135,"Ambient",1608493587.91173,177822351.745234,39499854.01,9.20641933397277,8.24998634960104,7.59659549049308
"June_2021_7_30-40",2021-06-23,2021,"June","30_40",35,7,FALSE,NA,5.361659135,"Ambient",1180692366.16758,211636277.292517,924562.6204,9.0721367552936,8.32559011363522,5.96593633115033
"June_2021_7_40-50",2021-06-23,2021,"June","40_50",45,7,FALSE,NA,5.361659135,"Ambient",865725446.826085,139614772.075174,657158.2241,8.93738018320255,8.14493137166341,5.81766994730789
"June_2021_7_50-75",2021-06-23,2021,"June","50_75",62.5,7,FALSE,NA,5.361659135,"Ambient",777057356.159907,239014141.574938,476288.1789,8.89045307612964,8.37842359729236,5.67786980279606
"June_2021_7_75-100",2021-06-23,2021,"June","75_100",87.5,7,FALSE,NA,5.361659135,"Ambient",73867645.6011804,43090409.6226502,39591.16729,7.8684542568833,7.63438062256391,4.59759830650422
"June_2021_8_0-10",2021-06-23,2021,"June","0_10",5,8,TRUE,6.75,10.10613425,"Ambient",647612702.31484,2611426.75438611,98482984.95,8.8113153584432,6.41687784919961,7.99336120328301
"June_2021_8_10-20",2021-06-23,2021,"June","10_20",15,8,TRUE,6.75,10.10613425,"Ambient",705450889.644142,7849537.42802771,145115081.2,8.84846678549089,6.89484406459567,8.16171254918197
"June_2021_8_100-125",2021-06-23,2021,"June","100_125",112.5,8,TRUE,6.75,10.10613425,"Ambient",132561481.919218,11909621.9377252,13614300.76,8.12241735046365,7.07589797533955,7.13399534058073
"June_2021_8_150-175",2021-06-23,2021,"June","150_175",162.5,8,TRUE,6.75,10.10613425,"Ambient",43364797.5685431,450165.836650106,2432221.736,7.63713732339854,5.65337253305162,6.38600316530938
"June_2021_8_20-30",2021-06-23,2021,"June","20_30",25,8,TRUE,6.75,10.10613425,"Ambient",162994321.265416,17035858.3414654,69151448.56,8.21217247381466,7.23136402012115,7.83980128198728
"June_2021_8_30-40",2021-06-23,2021,"June","30_40",35,8,TRUE,6.75,10.10613425,"Ambient",271240707.517397,26017683.0189761,2740788.485,8.43335486854121,7.41526861824872,6.437875521004
"June_2021_8_40-50",2021-06-23,2021,"June","40_50",45,8,TRUE,6.75,10.10613425,"Ambient",78869061.0878018,8966757.3719176,6263693.484,7.89690667071301,6.95263541850848,6.79683049721967
"June_2021_8_50-75",2021-06-23,2021,"June","50_75",62.5,8,TRUE,6.75,10.10613425,"Ambient",14153097.9759407,3259875.81298576,2990429.657,7.15085151311785,6.51320105566232,6.47573359108652
"June_2021_8_75-100",2021-06-23,2021,"June","75_100",87.5,8,TRUE,6.75,10.10613425,"Ambient",19512122.2189457,3421156.00047262,3607799.801,7.29030450762381,6.53417287792658,6.55724243027421
