Sample_ID,Sample,Sample_date,Year,Month,Depth_range,Depth_avg,Plot,Temp_experimental,Temp_annual_avg,CO2_treatment,Bacteria_copy_dry,Log_bacteria_copy_dry,Archaea_copy_dry,Log_archaea_copy_dry,Bacteria_copy_wet,Archaea_copy_wet,Fungal_copy_dry,Log_fungal_copy_dry,Fungal_copy_wet
August_2021_10_0-10,10_0-10,2021-08-24,2021,August,0_10,5,10,9,11.44074043,E,1151083.47612001,6.0611068196365,297.078313779688,2.47287095018952,437735.969792115,112.973443268332,330235.7036,5.518824025,125582.5915
August_2021_10_10-20,10_10-20,2021-08-24,2021,August,10_20,15,10,9,11.44074043,E,918534.668413704,5.96309555260332,261.703204601116,2.41780904068367,476707.865885593,135.820650489187,193165.1086,5.285928683,100250.2463
August_2021_10_100-125,10_100-125,2021-08-24,2021,August,100_125,112.5,10,9,11.44074043,E,17409317.1564611,7.24078173717151,2368610.1353634,6.37449358330866,2176164.64455764,296076.266920425,1062262.199,6.026231727,132782.7748
August_2021_10_150-175,10_150-175,2021-08-24,2021,August,150_175,162.5,10,9,11.44074043,E,83597806.5975061,7.92219488276083,6514948.60626723,6.81391099409272,5684650.84863042,443016.505226172,4810308.52,6.682172932,327100.9794
August_2021_10_20-30,10_20-30,2021-08-24,2021,August,20_30,25,10,9,11.44074043,E,2540148.43408537,6.40485909544698,655.037793667007,2.8162663581712,726482.452148415,187.340808988764,2037188.774,6.309031274,582635.9893
August_2021_10_30-40,10_30-40,2021-08-24,2021,August,30_40,35,10,9,11.44074043,E,133719277.711261,8.12619402207203,6290042.07956998,6.79865355082904,20366062.3367852,958002.40089643,17774658.56,7.249801267,2707162.426
August_2021_10_40-50,10_40-50,2021-08-24,2021,August,40_50,45,10,9,11.44074043,E,28137441.2548499,7.44928460129259,510182.950117443,5.70772594076213,6768648.89033169,122727.906489484,1110804.566,6.045637656,267211.4364
August_2021_10_50-75,10_50-75,2021-08-24,2021,August,50_75,62.5,10,9,11.44074043,E,44860503.4775894,7.65186414344026,18744620.1802719,7.27287664479581,7848358.46128801,3279376.89038555,7151716.737,6.854410305,1251194.976
August_2021_10_75-100,10_75-100,2021-08-24,2021,August,75_100,87.5,10,9,11.44074043,E,51738300.5601051,7.71381215941164,10120158.6280873,7.00518731989144,4027532.37893033,787796.779431945,229089.0686,5.360004366,17833.28079
August_2021_11_0-10,11_0-10,2021-08-24,2021,August,0_10,5,11,2.25,6.630512492,E,467502573.22578,8.66978400565705,1681321.26802777,6.22565070665813,40124971.3547077,144305.019012364,174420180.3,8.241596731,14970195.12
August_2021_11_10-20,11_10-20,2021-08-24,2021,August,10_20,15,11,2.25,6.630512492,E,150014792.559398,8.17613408579012,22300.2997018978,4.34831069973003,12001183.4047518,1784.02397615182,24831655.8,7.39500568,1986532.464
August_2021_11_100-125,11_100-125,2021-08-24,2021,August,100_125,112.5,11,2.25,6.630512492,E,19925328.0169265,7.29940547961739,1615431.72598878,6.20828860787957,2346495.7145682,190240.462741193,2586758.894,6.412755951,304628.2929
August_2021_11_150-175,11_150-175,2021-08-24,2021,August,150_175,162.5,11,2.25,6.630512492,E,11417642.7644689,7.05757645066515,952193.773732292,5.97872533735426,1235576.57170605,103043.013590268,597238.4065,5.776147728,64631.00992
August_2021_11_20-30,11_20-30,2021-08-24,2021,August,20_30,25,11,2.25,6.630512492,E,204685846.225227,8.31108781277094,6778121.82076171,6.83110936999106,24971673.2394777,826930.862132929,33921647.58,7.530476938,4138441.005
August_2021_11_30-40,11_30-40,2021-08-24,2021,August,30_40,35,11,2.25,6.630512492,E,60692354.5634588,7.78313398629722,1965533.30978983,6.29348040818426,12381240.3309456,400968.795197126,724921.5952,5.860291037,147884.0054
August_2021_11_40-50,11_40-50,2021-08-24,2021,August,40_50,45,11,2.25,6.630512492,E,14356843.2347189,7.15705895825904,437825.161437884,5.64130071648186,3082582.64284222,94006.197684476,215572.8693,5.333594102,46286.02363
August_2021_11_50-75,11_50-75,2021-08-24,2021,August,50_75,62.5,11,2.25,6.630512492,E,7331597.67039199,6.86519862454948,1353598.26320525,6.13148978845436,1243883.83629405,229652.399945003,729235.2957,5.862867681,123722.5552
August_2021_11_75-100,11_75-100,2021-08-24,2021,August,75_100,87.5,11,2.25,6.630512492,E,16775201.8268052,7.22466775398204,1929622.12490593,6.28547227007732,1439787.78154216,165616.270201507,694503.1441,5.841674216,59608.05429
August_2021_13_0-10,13_0-10,2021-08-24,2021,August,0_10,5,13,4.5,7.525480696,A,9116127.78029,6.95981040403422,6104.94717953738,3.7856819107486,2869892.07898018,1921.92781578029,13735438.19,7.137842519,4324119.43
August_2021_13_10-20,13_10-20,2021-08-24,2021,August,10_20,15,13,4.5,7.525480696,A,49020375.5106597,7.69037663375373,292251.415161977,5.46575662281266,8072799.93528721,48128.7052746906,16837971.29,7.226289765,2772919.875
August_2021_13_100-125,13_100-125,2021-08-24,2021,August,100_125,112.5,13,4.5,7.525480696,A,13899735.8807517,7.14300654797914,2231553.54674511,6.3486073123179,1489257.41579482,239095.022865547,1133738.605,6.054512935,121471.9934
August_2021_13_150-175,13_150-175,2021-08-24,2021,August,150_175,162.5,13,4.5,7.525480696,A,4664859.75020914,6.66883859114235,1949437.73046931,6.28990936737962,509062.07591568,212736.260269468,1251578.978,6.09745826,136581.0392
August_2021_13_20-30,13_20-30,2021-08-24,2021,August,20_30,25,13,4.5,7.525480696,A,170006065.087414,8.23046441541951,19024841.8495131,7.27932105523661,19760223.9981363,2211304.26306966,107312845.9,8.030651712,12473236.6
August_2021_13_30-40,13_30-40,2021-08-24,2021,August,30_40,35,13,4.5,7.525480696,A,68018294.8044155,7.83262574011779,7795535.791801,6.89184596986815,12256762.034063,1404740.112978,6036617.593,6.780793665,1087786.537
August_2021_13_40-50,13_40-50,2021-08-24,2021,August,40_50,45,13,4.5,7.525480696,A,13325040.4904058,7.12466853737839,1249782.0221199,6.09683427313162,2585057.85513872,242457.712291261,312688.0965,5.495111349,60661.49072
August_2021_13_50-75,13_50-75,2021-08-24,2021,August,50_75,62.5,13,4.5,7.525480696,A,6101113.24477016,6.78540908614996,228319.006169083,5.35854206537016,1085998.15756909,40640.7830980969,427506.2785,5.630942497,76096.11758
August_2021_13_75-100,13_75-100,2021-08-24,2021,August,75_100,87.5,13,4.5,7.525480696,A,15614015.4304663,7.19351460421805,4602564.3281949,6.66299986717819,1244144.65581405,366738.193481666,183564.1323,5.263787826,14626.62409
August_2021_16_0-10,16_0-10,2021-08-24,2021,August,0_10,5,16,6.75,10.1702347,E,766045.583261979,5.88425461293566,622.112512232739,2.79386893617467,278700.480590342,226.335168466384,240370.8296,5.380881762,87451.01753
August_2021_16_10-20,16_10-20,2021-08-24,2021,August,10_20,15,16,6.75,10.1702347,E,49892833.5670027,7.69803816955489,35529.4902480578,4.55058897658463,8249213.51805024,5874.39779001753,2932983.488,6.467309618,484935.5169
August_2021_16_100-125,16_100-125,2021-08-24,2021,August,100_125,112.5,16,6.75,10.1702347,E,5872431.25567197,6.76881794150634,1936317.6847881,6.28697661197641,665464.376885293,219423.674021713,138203.7728,5.140519899,15661.26252
August_2021_16_150-175,16_150-175,2021-08-24,2021,August,150_175,162.5,16,6.75,10.1702347,E,13686361.9428557,7.13628802095231,2031098.04601011,6.30773088835479,1547862.36258487,229707.517108286,231118.9088,5.363835478,26138.44802
August_2021_16_20-30,16_20-30,2021-08-24,2021,August,20_30,25,16,6.75,10.1702347,E,42188663.9819339,7.62519577249113,63845.3622383291,4.80512935535895,6793800.76051023,10281.2611159138,10661769.72,7.027829298,1716905.264
August_2021_16_30-40,16_30-40,2021-08-24,2021,August,30_40,35,16,6.75,10.1702347,E,159995636.890428,8.20410813952938,17891398.8615345,7.25264429775547,22079397.8908791,2469013.04289177,2276850.778,6.357334568,314205.4074
August_2021_16_40-50,16_40-50,2021-08-24,2021,August,40_50,45,16,6.75,10.1702347,E,47138633.1419747,7.67337698532653,5161592.98397359,6.71278375538346,9296264.30489142,1017923.71596292,42179.1754,4.625098085,8318.203914
August_2021_16_50-75,16_50-75,2021-08-24,2021,August,50_75,62.5,16,6.75,10.1702347,E,19113136.9094655,7.28133197071116,2828373.54465762,6.45153676639441,3267852.43382511,483578.777018997,582019.9004,5.764937834,99510.36071
August_2021_16_75-100,16_75-100,2021-08-24,2021,August,75_100,87.5,16,6.75,10.1702347,E,9665844.02129576,6.98523978260535,1364946.03552888,6.1351154814608,1263258.82258519,178388.986821597,7320454.318,6.864538035,956732.6436
August_2021_17_0-10,17_0-10,2021-08-24,2021,August,0_10,5,17,9,11.2400165,A,75820586.6034455,7.87978714012278,316005.147290182,5.49969415673713,42459528.4979295,176962.882482502,36744804.9,7.565195946,20577090.75
August_2021_17_10-20,17_10-20,2021-08-24,2021,August,10_20,15,17,9,11.2400165,A,98257024.1144827,7.99236360663139,367766.380254327,5.56557202523543,35559684.9176223,133096.404282518,29956486.93,7.476490881,10841395.27
August_2021_17_100-125,17_100-125,2021-08-24,2021,August,100_125,112.5,17,9,11.2400165,A,8500886.59380499,6.9294642225046,7233098.93005794,6.85932440516133,1422459.11131398,1210319.34287822,75087.98506,4.87557045,12564.5234
August_2021_17_150-175,17_150-175,2021-08-24,2021,August,150_175,162.5,17,9,11.2400165,A,12175872.4504395,7.08550008995537,7055053.94202049,6.84850033866192,1342030.02960755,777611.155934122,1329132.819,6.123568382,146497.6053
August_2021_17_20-30,17_20-30,2021-08-24,2021,August,20_30,25,17,9,11.2400165,A,301007478.401119,8.47857728558718,6251634.82353393,6.79599360166384,48763211.5009812,1012764.8414125,35032604.61,7.544472428,5675281.947
August_2021_17_30-40,17_30-40,2021-08-24,2021,August,30_40,35,17,9,11.2400165,A,244287732.045819,8.38790165756458,17616282.1579259,7.24591425772718,39495621.3487252,2848141.42673053,8378783.662,6.923180977,1354653.646
August_2021_17_40-50,17_40-50,2021-08-24,2021,August,40_50,45,17,9,11.2400165,A,38917447.3216697,7.59014434622966,6869514.99853033,6.83692607608468,8682777.09168725,1532640.79648485,2014461.29,6.304158926,449441.5627
August_2021_17_50-75,17_50-75,2021-08-24,2021,August,50_75,62.5,17,9,11.2400165,A,66618788.904144,7.82359673317311,14934622.2142652,7.17419424117951,14171392.4706628,3176947.46903853,7723496.222,6.887813938,1642970.369
August_2021_17_75-100,17_75-100,2021-08-24,2021,August,75_100,87.5,17,9,11.2400165,A,12688551.2358897,7.10341203768356,6129349.50406274,6.78741438613563,2127421.76410127,1027675.36595064,6429607.765,6.80818448,1078018.068
August_2021_19_0-10,19_0-10,2021-08-24,2021,August,0_10,5,19,0,5.508795665,E,16690489.1943819,7.22246906593671,30123.9829835793,4.47891239360532,3800804.47000775,6859.91691705272,3160400.536,6.499742127,719695.1715
August_2021_19_10-20,19_10-20,2021-08-24,2021,August,10_20,15,19,0,5.508795665,E,149970865.138051,8.1760068967973,629357.978781571,5.79889774240224,23648100.4908303,99240.0804865152,22890679.48,7.359658684,3609508.341
August_2021_19_100-125,19_100-125,2021-08-24,2021,August,100_125,87.5,19,0,5.508795665,E,14520745.2311543,7.1619889057217,1621992.40199553,6.21004881548602,1655364.95635159,184907.13382749,154604.5428,5.189222251,17624.91787
August_2021_19_150-175,19_150-175,2021-08-24,2021,August,150_175,87.5,19,0,5.508795665,E,12964961.5378774,7.11277123272031,3357752.51617409,6.5260486832193,1443415.20103606,373825.329832503,63793.84732,4.804778795,7102.297117
August_2021_19_20-30,19_20-30,2021-08-24,2021,August,20_30,25,19,0,5.508795665,E,219130686.928663,8.34070320015576,26815133.6959335,7.42837996662675,18732842.0237226,2292347.41337006,13773468.85,7.139043331,1177453.6
August_2021_19_30-40,19_30-40,2021-08-24,2021,August,30_40,35,19,0,5.508795665,E,151101879.820525,8.17926986732117,7864109.39624567,6.89564954626042,16889631.2773441,879022.207963588,9266948.175,6.966936734,1035826.542
August_2021_19_40-50,19_40-50,2021-08-24,2021,August,40_50,45,19,0,5.508795665,E,12306781.9048187,7.09014450429666,1199063.75250564,6.0788422745295,974794.606322276,94975.3467331202,140396.636,5.147356702,11120.52562
August_2021_19_50-75,19_50-75,2021-08-24,2021,August,50_75,62.5,19,0,5.508795665,E,5389046.40294116,6.73151192314966,3894321.94650376,6.59043185211734,700576.03238235,506261.853045488,105987.4448,5.025254422,13778.36783
August_2021_19_75-100,19_75-100,2021-08-24,2021,August,75_100,87.5,19,0,5.508795665,E,6320688.71141175,6.80076440221748,1787406.92358965,6.25222343585837,1005278.52268974,284279.431187221,77878.43252,4.891417202,12386.23181
August_2021_20_0-10,20_0-10,2021-08-24,2021,August,0_10,5,20,2.25,5.695986406,A,172147497.865521,8.23590071469045,488479.709699069,5.68884652885573,32363729.598718,91834.185423425,64324865.6,7.808378887,12093074.73
August_2021_20_10-20,20_10-20,2021-08-24,2021,August,10_20,15,20,2.25,5.695986406,A,128198074.398781,8.10788150190461,480466.726138619,5.68166331676054,18497517.7489224,69325.8602845301,13117583.69,7.117853844,1892717.487
August_2021_20_100-125,20_100-125,2021-08-24,2021,August,100_125,112.5,20,2.25,5.695986406,A,14601007.3881895,7.1643828207186,331642.26608887,5.52066987398751,1654587.31834354,37581.7279663332,260512.8608,5.415829168,29521.3381
August_2021_20_150-175,20_150-175,2021-08-24,2021,August,150_175,162.5,20,2.25,5.695986406,A,8863030.28994397,6.94758223353461,-9999,-9999,1172264.52732726,-9999,145368.9189,5.162471561,19227.1516
August_2021_20_20-30,20_20-30,2021-08-24,2021,August,20_30,25,20,2.25,5.695986406,A,309904475.373535,8.49122784799145,7094156.21958897,6.8509007477895,37188537.0448242,851298.746350676,7673117.107,6.884971826,920774.0528
August_2021_20_30-40,20_30-40,2021-08-24,2021,August,30_40,35,20,2.25,5.695986406,A,15038473.9145407,7.17720376683267,1518961.10621682,6.18154665367077,2641488.43209498,266803.547598962,47292.66243,4.674793764,8306.894797
August_2021_20_40-50,20_40-50,2021-08-24,2021,August,40_50,45,20,2.25,5.695986406,A,33874364.1420587,7.52987115178838,7562345.70524039,6.87865652682796,7399410.20337554,1651895.15405051,39320.0284,4.594613823,8588.944079
August_2021_20_50-75,20_50-75,2021-08-24,2021,August,50_75,62.5,20,2.25,5.695986406,A,1748976.21374643,6.24278390306992,222689.302243302,5.34769935449118,297921.799936766,37933.0474763139,22425.01315,4.350732706,3819.89202
August_2021_20_75-100,20_75-100,2021-08-24,2021,August,75_100,87.5,20,2.25,5.695986406,A,7235975.10035629,6.85949706374382,486195.206941568,5.68681067312293,897260.91244418,60288.2056607545,182469.6861,5.261190725,22626.24107
August_2021_21_0-10,August_2021_21_0-10,2021-08-24,2021,August,0_10,5,21,Amb,5.411051175,A,830575063.64132,8.9193788881445,9294777.62315863,6.96823900377006,109199111.952843,1222022.55603281,15310378.83,7.184985937,2012918.332
August_2021_21_10-20,August_2021_21_10-20,2021-08-24,2021,August,10_20,15,21,Amb,5.411051175,A,3607065297.27755,9.5571540042509,77218528.7264244,7.88772152259129,451779550.156035,9671505.5860134,19211574.18,7.283562952,2406221.021
August_2021_21_100-125,August_2021_21_100-125,2021-08-24,2021,August,100_125,112.5,21,Amb,5.411051175,A,117487207.582428,8.0699905816817,108976935.658592,8.03733459173771,12923592.8340671,11987462.9224452,3934.990037,3.594943637,432.848904
August_2021_21_150-175,August_2021_21_150-175,2021-08-24,2021,August,150_175,162.5,21,Amb,5.411051175,A,85811175.0694598,7.93354384909544,74144944.6291842,7.87008154518914,9249108.69012141,7991670.6785947,173079.7963,5.238246375,18655.30739
August_2021_21_20-30,August_2021_21_20-30,2021-08-24,2021,August,20_30,25,21,Amb,5.411051175,A,3192223748.31871,9.50409332417449,496114451.490207,8.69558187793528,331991269.825146,51595902.9549816,10154128.34,7.006642648,1056029.347
August_2021_21_30-40,August_2021_21_30-40,2021-08-24,2021,August,30_40,35,21,Amb,5.411051175,A,2525271019.93018,9.40230799478888,705262495.78183,8.84835078968883,363639026.869947,101557799.392584,84639.32571,4.927572195,12188.0629
August_2021_21_40-50,August_2021_21_40-50,2021-08-24,2021,August,40_50,45,21,Amb,5.411051175,A,375771406.300833,8.57492373010666,201301225.267818,8.30384641833343,78004443.6233266,41787080.6943176,14012.64427,4.146520097,2908.812382
August_2021_21_50-75,August_2021_21_50-75,2021-08-24,2021,August,50_75,62.5,21,Amb,5.411051175,A,521664326.082958,8.71739113859117,376533476.755305,8.57580359441129,72133944.8892267,52065751.2948217,386442.7135,5.587085123,53435.96639
August_2021_21_75-100,August_2021_21_75-100,2021-08-24,2021,August,75_100,87.5,21,Amb,5.411051175,A,169237259.442411,8.22849598393251,160798616.145352,8.20628230683144,21238938.9340078,20179906.0102733,18250.33506,4.261270842,2290.380694
August_2021_4_0-10,4_0-10,2021-08-24,2021,August,0_10,5,4,4.5,8.340213293,E,344370620.727353,8.5370260934197,146116.253823842,5.16469852909908,154123914.171682,65394.6870260553,1210193093,9.08285467,541624880.8
August_2021_4_10-20,4_10-20,2021-08-24,2021,August,10_20,15,4,4.5,8.340213293,E,152665003.44315,8.18373949184711,441008.501640514,5.64444696175803,25647720.5784492,74089.4282756064,27823069.86,7.444405046,4674275.737
August_2021_4_100-125,4_100-125,2021-08-24,2021,August,100_125,112.5,4,4.5,8.340213293,E,11106521.5278426,7.04557806273878,145918.863226875,5.16411143764951,1344241.69285397,17660.8147953162,120244.5741,5.080065488,14553.41076
August_2021_4_150-175,4_150-175,2021-08-24,2021,August,150_175,162.5,4,4.5,8.340213293,E,7762231.45947199,6.88998658868392,224509.75857532,5.35123522285963,927756.748144062,26833.8356862933,2355025.42,6.371995599,281477.1419
August_2021_4_20-30,4_20-30,2021-08-24,2021,August,20_30,25,4,4.5,8.340213293,E,800743898.115265,8.90349363790724,32996874.2589674,7.51847280180586,63804294.670539,2629233.00868266,345474554.5,8.538416066,27527852.95
August_2021_4_30-40,4_30-40,2021-08-24,2021,August,30_40,35,4,4.5,8.340213293,E,280313356.606428,8.44764379188183,7549713.76039049,6.87793048611403,32516349.3663457,875766.796205296,10905887.83,7.037661027,1265082.989
August_2021_4_40-50,4_40-50,2021-08-24,2021,August,40_50,45,4,4.5,8.340213293,E,27738399.8614909,7.44308140441684,1690431.38039453,6.2279975461631,6034901.36707087,367778.483958091,26212.28064,4.418504809,5702.871436
August_2021_4_50-75,4_50-75,2021-08-24,2021,August,50_75,62.5,4,4.5,8.340213293,E,21399715.4760651,7.33040799914375,2278100.70290809,6.35757291805328,3318444.94459856,353264.124904236,110441.7177,5.043133153,17126.15106
August_2021_4_75-100,4_75-100,2021-08-24,2021,August,75_100,87.5,4,4.5,8.340213293,E,18389696.824592,7.26457456945058,4161675.47701017,6.61926821137808,2197971.73202294,497411.411594841,24761.09824,4.393769903,2959.493813
August_2021_6_0-10,6_0-10,2021-08-24,2021,August,0_10,5,6,0,3.676107216,A,1017740226.06581,9.00763694029627,720019.569585761,5.85734430038628,99938418.9924344,70703.3244683413,533446736.3,8.727091062,52382545.25
August_2021_6_10-20,6_10-20,2021-08-24,2021,August,10_20,15,6,0,3.676107216,A,280296211.787832,8.44761722829629,696963.202932087,5.84320984956802,25787251.4844805,64120.614669752,102752466,8.011792254,9453226.876
August_2021_6_100-125,6_100-125,2021-08-24,2021,August,100_125,112.5,6,0,3.676107216,A,23835745.5994643,7.37722874152291,913193.778985235,5.96056294425317,2627186.38871851,100652.620930236,1732803.743,6.238749378,190990.3926
August_2021_6_150-175,6_150-175,2021-08-24,2021,August,150_175,162.5,6,0,3.676107216,A,29363104.9121206,7.4678019768198,6443583.20597051,6.80912744093383,3437347.59883952,754308.35149258,1276957.02,6.10617628,149485.048
August_2021_6_20-30,6_20-30,2021-08-24,2021,August,20_30,25,6,0,3.676107216,A,253934630.473674,8.4047219320594,1034093.89419578,6.01455997384475,20193608.7851829,82234.1068942965,56156774.54,7.749402155,4465747.479
August_2021_6_30-40,6_30-40,2021-08-24,2021,August,30_40,35,6,0,3.676107216,A,195526519.747022,8.29120567016509,4041594.03117127,6.60655268748784,15610899.7802014,322682.158177347,11600404.68,7.06447314,926180.0146
August_2021_6_40-50,6_40-50,2021-08-24,2021,August,40_50,45,6,0,3.676107216,A,245976648.60378,8.39089388001441,26142376.0526838,7.41734505760081,16593662.8026359,1763572.98768105,20789991.77,7.317854317,1402499.445
August_2021_6_50-75,6_50-75,2021-08-24,2021,August,50_75,62.5,6,0,3.676107216,A,26034275.4527455,7.41554549554145,206472.126840738,5.31486143140983,4252610.73132497,33726.5227110369,585559.1752,5.76757079,95649.10829
August_2021_6_75-100,6_75-100,2021-08-24,2021,August,75_100,87.5,6,0,3.676107216,A,17713601.4503353,7.24830686898199,2684980.27177492,6.4289410990148,2409049.7972456,365157.316961389,1639540.732,6.21472221,222977.5395
August_2021_7_0-10,August_2021_7_0-10,2021-08-24,2021,August,0_10,5,7,Amb,5.361659135,A,1893114947.73116,9.27717698461871,4888557.34200247,6.68918071375611,215815104.041353,557295.536988282,814087209.5,8.910670931,92805941.89
August_2021_7_10-20,August_2021_7_10-20,2021-08-24,2021,August,10_20,15,7,Amb,5.361659135,A,1056387126.94257,9.02382310028586,8668583.09135673,6.93794811640431,134678836.901044,1105158.00367895,80010503.9,7.903147006,10200542.33
August_2021_7_100-125,August_2021_7_100-125,2021-08-24,2021,August,100_125,112.5,7,Amb,5.361659135,A,89552330.0566136,7.95207689021369,91282223.5971935,7.96038621077288,9435931.39761534,9618206.46252734,4989.392546,3.698047674,525.7212822
August_2021_7_150-175,August_2021_7_150-175,2021-08-24,2021,August,150_175,162.5,7,Amb,5.361659135,A,28802882.9887669,7.4594359601012,31913026.984858,7.50396799944493,3219483.92688812,3567124.77275858,14839.03521,4.171405665,1658.654635
August_2021_7_20-30,August_2021_7_20-30,2021-08-24,2021,August,20_30,25,7,Amb,5.361659135,A,3630398751.39235,9.55995432917343,110884893.743759,8.04487238464698,289852195.719948,8853085.32884302,150250593.6,8.176816197,11996055.38
August_2021_7_30-40,August_2021_7_30-40,2021-08-24,2021,August,30_40,35,7,Amb,5.361659135,A,1724853408.44345,9.23675219122996,346220584.707155,8.53935288548901,164598337.187446,33038942.4770248,6726856.043,6.827812134,641926.6205
August_2021_7_40-50,August_2021_7_40-50,2021-08-24,2021,August,40_50,45,7,Amb,5.361659135,A,3668891748.11859,9.56453489794065,607295591.775193,8.78340012868611,367624423.659177,60851261.7009211,1640937.252,6.215091974,164422.5703
August_2021_7_50-75,August_2021_7_50-75,2021-08-24,2021,August,50_75,62.5,7,Amb,5.361659135,A,1399538366.63477,9.1459848086181,208835712.632128,8.31980476862543,170063427.021357,25376451.1365733,970004.764,5.986773867,117869.1048
August_2021_7_75-100,August_2021_7_75-100,2021-08-24,2021,August,75_100,87.5,7,Amb,5.361659135,A,169011032.614987,8.22791505519013,198701146.720384,8.29820037346562,23903950.8280161,28103150.2333611,4990.414333,3.698136605,705.8155729
August_2021_8_0-10,8_0-10,2021-08-24,2021,August,0_10,5,8,6.75,10.10613425,A,281892428.828305,8.45008341158553,432086.05659333,5.63557025186485,62140615.5733738,95249.431313159,260814544,8.416331806,57494188.06
August_2021_8_10-20,8_10-20,2021-08-24,2021,August,10_20,15,8,6.75,10.10613425,A,275279844.400234,8.4397744141314,3676706.78700143,6.5654589967808,47424448.4412284,633412.852414107,152057804,8.182008714,26196096.93
August_2021_8_100-125,8_100-125,2021-08-24,2021,August,100_125,112.5,8,6.75,10.10613425,A,82460614.7672254,7.91624656826571,5400746.31318532,6.73245377784196,11498492.0990155,753092.115384408,4962595.184,6.69570885,691995.3444
August_2021_8_150-175,8_150-175,2021-08-24,2021,August,150_175,162.5,8,6.75,10.10613425,A,24086627.6234938,7.3817759985441,1448735.7274049,6.1609891704282,3709340.65401805,223105.302020355,1097099.628,6.040246068,168953.3427
August_2021_8_20-30,8_20-30,2021-08-24,2021,August,20_30,25,8,6.75,10.10613425,A,245883011.058209,8.3907285228072,28300549.0650258,7.45179486144647,28030663.2606358,3226262.59341294,34897089.84,7.542789211,3978268.241
August_2021_8_30-40,8_30-40,2021-08-24,2021,August,30_40,35,8,6.75,10.10613425,A,300918566.456346,8.47844898421992,43052902.3984128,7.63400243460793,40843238.5609411,5843507.71076261,11374597.87,7.055936052,1543857.596
August_2021_8_40-50,8_40-50,2021-08-24,2021,August,40_50,45,8,6.75,10.10613425,A,114664811.752656,8.05943016239749,3358278.74966275,6.52611674136011,22429444.2150904,656908.8172993,13301878.8,7.123912986,2601964.316
August_2021_8_50-75,8_50-75,2021-08-24,2021,August,50_75,62.5,8,6.75,10.10613425,A,18054935.2347387,7.25659593489821,1519100.82440339,6.18158659942493,4091973.39316146,344289.252449278,653644.2617,5.815341453,148142.0394
August_2021_8_75-100,8_75-100,2021-08-24,2021,August,75_100,87.5,8,6.75,10.10613425,A,39702678.0282763,7.59881980181794,8218376.2236714,6.91478601866405,6144462.07580466,1271891.55842533,1005285.785,6.002289541,155579.9429
June_2021_10_0-10,10_0-10,2021-06-23,2021,June,0_10,5,10,9,11.44074043,E,379275122.303355,8.5789543570695,21172226.4564151,7.32576653052259,38477186.3206302,2147907.03181023,104359185.9,8.018530683,10587163.79
June_2021_10_10-20,10_10-20,2021-06-23,2021,June,10_20,15,10,9,11.44074043,E,465604183.517726,8.66801687385511,145220211.045701,8.16202706357334,45144131.8619849,14080286.6223018,41204956.33,7.614949458,3995157.363
June_2021_10_100-125,10_100-125,2021-06-23,2021,June,100_125,112.5,10,9,11.44074043,E,142359777.819844,8.15338730153122,92162269.6646669,7.96455316150777,17321341.7879658,11213660.1873359,5827162.386,6.765457121,709008.3512
June_2021_10_150-175,10_150-175,2021-06-23,2021,June,150_175,162.5,10,9,11.44074043,E,49165025.5769151,7.6916562694294,1167051.20477496,6.06708991128389,6169356.49131174,146444.649247823,1174304.336,6.069780664,147354.7912
June_2021_10_20-30,10_20-30,2021-06-23,2021,June,20_30,25,10,9,11.44074043,E,288927245.517801,8.46078849726171,4651405.2496892,6.66758417869379,30643798.7670395,493330.859815521,60131604.78,7.779102794,6377594.446
June_2021_10_30-40,10_30-40,2021-06-23,2021,June,30_40,35,10,9,11.44074043,E,87938411.4542218,7.94417861612907,24941489.9440336,7.39692239361503,15518543.1978038,4401439.40188829,1636676.677,6.213962894,288825.2959
June_2021_10_40-50,10_40-50,2021-06-23,2021,June,40_50,45,10,9,11.44074043,E,30530391.3017413,7.48473237059732,11947599.6607925,7.07728066187136,5394258.57243881,2110960.23150615,1819371.217,6.25992132,321455.3881
June_2021_10_50-75,10_50-75,2021-06-23,2021,June,50_75,62.5,10,9,11.44074043,E,52695876.1772917,7.72177662994647,17389458.4503465,7.24028605723627,7420631.40464535,2448782.91903275,3589836.112,6.555074622,505520.5934
June_2021_10_75-100,10_75-100,2021-06-23,2021,June,75_100,87.5,10,9,11.44074043,E,114931549.710122,8.06043926266739,55956524.6018882,7.74785073310547,13701803.9690003,6670973.57353471,4528208.561,6.655926421,539839.8107
June_2021_11_0-10,11_0-10,2021-06-23,2021,June,0_10,5,11,2.25,6.630512492,E,234390103.385193,8.36993927058864,33938.7227850941,4.53069549449836,20530520.0045424,2972.73484248999,1119709649,9.049105421,98076757.55
June_2021_11_10-20,11_10-20,2021-06-23,2021,June,10_20,15,11,2.25,6.630512492,E,204788871.825259,8.31130635349427,7062097.24746139,6.84893369364977,13021257.7461147,449035.085098701,254082795.2,8.404975259,16155553.45
June_2021_11_100-125,11_100-125,2021-06-23,2021,June,100_125,112.5,11,2.25,6.630512492,E,24011189.1197115,7.3804136684011,3153068.52254429,6.49873340894629,2940145.60649529,386090.023168689,11119341.02,7.04607905,1361551.962
June_2021_11_150-175,11_150-175,2021-06-23,2021,June,150_175,162.5,11,2.25,6.630512492,E,24945336.3127538,7.39698936346817,3527929.74933282,6.54751992856271,3042114.18448217,430235.33528449,34831971.42,7.541978055,4247801.393
June_2021_11_20-30,11_20-30,2021-06-23,2021,June,20_30,25,11,2.25,6.630512492,E,140895101.692022,8.14889589484744,6790589.8300993,6.83190749870348,10742002.4339662,517722.274280621,119089319.3,8.075872813,9079504.841
June_2021_11_30-40,11_30-40,2021-06-23,2021,June,30_40,35,11,2.25,6.630512492,E,93755757.0990972,7.97199794519552,4723302.0218007,6.67424571652902,13650263.4856923,687683.819266002,48376069.1,7.684630576,7043259.103
June_2021_11_40-50,11_40-50,2021-06-23,2021,June,40_50,45,11,2.25,6.630512492,E,21386758.2823887,7.3301449609734,111845.371943094,5.04861801810489,4558532.14385576,23839.5513902611,13308634.06,7.124133484,2836700.884
June_2021_11_50-75,11_50-75,2021-06-23,2021,June,50_75,62.5,11,2.25,6.630512492,E,32371347.9800289,7.51016078429906,6548641.72728042,6.8161512310577,4518262.3505694,914033.032606278,34107302.59,7.532847374,4760559.903
June_2021_11_75-100,11_75-100,2021-06-23,2021,June,75_100,87.5,11,2.25,6.630512492,E,27348726.8542861,7.43693711373973,8095028.01368468,6.90821835601313,3803784.19276162,1125892.98077657,13197053.26,7.12047697,1835505.648
June_2021_13_0-10,13_0-10,2021-06-23,2021,June,0_10,5,13,4.5,7.525480696,A,382034343.531628,8.58210240619925,121626.705012085,5.08502894143386,28199371.5787845,8977.71812039998,1266873950,9.102733406,93512664.17
June_2021_13_10-20,13_10-20,2021-06-23,2021,June,10_20,15,13,4.5,7.525480696,A,436387209.498205,8.63987201293886,5793279.94430086,6.76292451509108,37476000.8156856,497514.499033471,409860492.6,8.612636058,35197943.07
June_2021_13_100-125,13_100-125,2021-06-23,2021,June,100_125,112.5,13,4.5,7.525480696,A,94378608.8053688,7.97487357130525,16867951.321538,7.22706233903372,12090567.4760224,2160903.89778785,12206034.26,7.086574585,1563679.341
June_2021_13_150-175,13_150-175,2021-06-23,2021,June,150_175,162.5,13,4.5,7.525480696,A,83148173.6367181,7.91985271431072,332057.399319378,5.52121316217695,9204594.86753337,36759.1216958721,5404169.188,6.732728937,598247.5116
June_2021_13_20-30,13_20-30,2021-06-23,2021,June,20_30,25,13,4.5,7.525480696,A,1059311622.95475,9.02502373746488,122871393.512497,8.08945078373453,126427788.634744,14664578.6108948,-9999,-9999,-9999
June_2021_13_30-40,13_30-40,2021-06-23,2021,June,30_40,35,13,4.5,7.525480696,A,198787520.950942,8.29838911772603,1747232.52592376,6.24235070578754,31368306.0583138,275710.08665953,96256676.49,7.983430862,15189126.93
June_2021_13_40-50,13_40-50,2021-06-23,2021,June,40_50,45,13,4.5,7.525480696,A,148778663.772325,8.17254065385541,8047101.80667915,6.905639495772,26340191.4460732,1424681.44826421,46996571.84,7.672066179,8320404.741
June_2021_13_50-75,13_50-75,2021-06-23,2021,June,50_75,62.5,13,4.5,7.525480696,A,227979739.823656,8.35789625369454,24275415.3415515,7.38516666922889,34783673.539271,3703785.79659702,28015556.77,7.447399258,4274432.374
June_2021_13_75-100,13_75-100,2021-06-23,2021,June,75_100,87.5,13,4.5,7.525480696,A,70196910.5030853,7.84631799844052,2597257.91131919,6.41451507781614,10484784.4467268,387932.875643303,31534084.06,7.498780221,4710008.912
June_2021_16_0-10,16_0-10,2021-06-23,2021,June,0_10,5,16,6.75,10.1702347,E,784464488.506192,8.8945732885286,16067657.9992528,7.20595257918248,53453381.3530923,1094849.62425848,18731629.22,7.272575553,1276372.525
June_2021_16_10-20,16_10-20,2021-06-23,2021,June,10_20,15,16,6.75,10.1702347,E,902546479.113704,8.95546957634262,852571.767462583,5.93073094707933,59126358.9400114,55852.485729726,199495645.8,8.299933421,13069078.92
June_2021_16_100-125,16_100-125,2021-06-23,2021,June,100_125,112.5,16,6.75,10.1702347,E,71041474.981977,7.85151196980156,9249250.29250766,6.96610653197987,7907668.66944806,1029539.5298662,75833626.09,7.879861823,8441085.848
June_2021_16_150-175,16_150-175,2021-06-23,2021,June,150_175,162.5,16,6.75,10.1702347,E,36599083.6868675,7.56347021231466,1890765.17961658,6.27663759572543,4461602.58278004,230493.279038974,50519633.46,7.703460191,6158583.888
June_2021_16_20-30,16_20-30,2021-06-23,2021,June,20_30,25,16,6.75,10.1702347,E,740529060.464545,8.86954210614116,8370006.50546625,6.92272579554248,73619848.1163583,832105.909900154,34071766.17,7.532394647,3387251.608
June_2021_16_30-40,16_30-40,2021-06-23,2021,June,30_40,35,16,6.75,10.1702347,E,608272886.678695,8.78409845853384,4385381.79159103,6.64200740905059,40941444.2956814,295169.928280165,127973869.4,8.107121301,8613625.826
June_2021_16_40-50,16_40-50,2021-06-23,2021,June,40_50,45,16,6.75,10.1702347,E,260573411.801903,8.41593009941642,16320789.8102566,7.21274117169336,29469612.0490248,1845803.6094933,19937984.32,7.29968125,2254891.084
June_2021_16_50-75,16_50-75,2021-06-23,2021,June,50_75,62.5,16,6.75,10.1702347,E,106711741.38374,8.02821220703109,13459015.2090962,7.12901328389227,14297301.2727729,1803246.69791774,-9999,-9999,-9999
June_2021_16_75-100,16_75-100,2021-06-23,2021,June,75_100,87.5,16,6.75,10.1702347,E,160462888.443045,8.20537460553808,15437845.6686583,7.1885866949963,19660317.863292,1891483.79363742,52187833.51,7.717569268,6394185.007
June_2021_17_0-10,17_0-10,2021-06-23,2021,June,0_10,5,17,9,11.2400165,A,2998882420.23612,9.47695943833583,57614438.9591777,7.76053133714649,255586569.906488,4910321.50220265,620595298.9,8.792808481,52891644.79
June_2021_17_10-20,17_10-20,2021-06-23,2021,June,10_20,15,17,9,11.2400165,A,1201936572.13177,9.07988154994626,136108332.396844,8.13388471302994,127106464.956421,14393645.5410392,2219291318,9.346214314,234693144.9
June_2021_17_100-125,17_100-125,2021-06-23,2021,June,100_125,112.5,17,9,11.2400165,A,56966154.0889448,7.75561690026536,3156520.69388,6.49920864087023,6750029.03028789,374022.200711095,48237763.61,7.683387165,5715785.276
June_2021_17_150-175,17_150-175,2021-06-23,2021,June,150_175,162.5,17,9,11.2400165,A,37275775.2781007,7.57142668486815,166606.912878098,5.221693017254,4542567.59661443,20303.3513901625,29866.57521,4.475185425,3639.654326
June_2021_17_20-30,17_20-30,2021-06-23,2021,June,20_30,25,17,9,11.2400165,A,1231612873.31981,9.09047421967785,93104339.0197685,7.96896992124376,137108534.841745,10364782.4628533,260323531.5,8.415513427,28980354.76
June_2021_17_30-40,17_30-40,2021-06-23,2021,June,30_40,35,17,9,11.2400165,A,303341568.13175,8.4819319275321,28125061.6465651,7.44909348303884,51902549.6803375,4812272.90530582,203868237.4,8.309349568,34882398.04
June_2021_17_40-50,17_40-50,2021-06-23,2021,June,40_50,45,17,9,11.2400165,A,106410325.940951,8.02698377346263,16101793.7638274,7.20687425977957,20999381.2103585,3177583.5890665,35783707.81,7.553685339,7061680.48
June_2021_17_50-75,17_50-75,2021-06-23,2021,June,50_75,62.5,17,9,11.2400165,A,72357451.6247327,7.85948326293065,7170224.36634865,6.85553274556217,9732288.81502253,964416.142842217,40877375.47,7.611483004,5498126.525
June_2021_17_75-100,17_75-100,2021-06-23,2021,June,75_100,87.5,17,9,11.2400165,A,78174875.4366113,7.89306719791324,370491.364106289,5.56877808933371,9213981.63525437,43667.4904287339,42322719.52,7.626573566,4988313.166
June_2021_19_0-10,19_0-10,2021-06-23,2021,June,0_10,5,19,0,5.508795665,E,730984832.496186,8.86390836569719,5154953.5550076,6.71222475673985,47869803.1900157,337581.029265985,61550853.01,7.789234076,4030763.825
June_2021_19_10-20,19_10-20,2021-06-23,2021,June,10_20,15,19,0,5.508795665,E,5452765.45302042,6.73661681720824,10048.9072765044,4.00211883891217,485378.742977196,894.505003779749,68264.93857,4.834197704,6076.61385
June_2021_19_100-125,19_100-125,2021-06-23,2021,June,100_125,112.5,19,0,5.508795665,E,33131542.8010757,7.52024165967892,5475441.08894312,6.7384191106862,3812756.9096476,630110.284045042,34655.00099,4.539765916,3988.07551
June_2021_19_150-175,19_150-175,2021-06-23,2021,June,150_175,162.5,19,0,5.508795665,E,18574045.9746425,7.26890651618288,4899659.24320533,6.6901658771833,4600275.81867309,1213509.64496519,29671.7715,4.472343476,7348.874506
June_2021_19_20-30,19_20-30,2021-06-23,2021,June,20_30,25,19,0,5.508795665,E,130013661.565,8.113988989465,433934.919236451,5.63742459970632,15499849.3324822,51732.4547844168,1356708.675,6.132486602,161742.8491
June_2021_19_30-40,19_30-40,2021-06-23,2021,June,30_40,35,19,0,5.508795665,E,142317022.638439,8.15325684945739,218152.046443593,5.33875929137735,28412211.3540769,43551.9373295663,327008.528,5.514559079,65284.07662
June_2021_19_40-50,19_40-50,2021-06-23,2021,June,40_50,45,19,0,5.508795665,E,-9999,-9999,-9999,-9999,-9999,-9999,17516.1451,4.243438534,3166.380076
June_2021_19_50-75,19_50-75,2021-06-23,2021,June,50_75,62.5,19,0,5.508795665,E,34430721.2011201,7.53694611972432,2594737.40743507,6.41409341294656,4683105.75724048,352924.053501706,335846.4151,5.526140717,45680.25953
June_2021_19_75-100,19_75-100,2021-06-23,2021,June,75_100,87.5,19,0,5.508795665,E,36570570.6953635,7.56313173769416,93512.1368466615,4.97086798117692,4201139.00643535,10742.448865624,57116.99916,4.756765382,6561.46318
June_2021_20_0-10,20_0-10,2021-06-23,2021,June,0_10,5,20,2.25,5.695986406,A,100297228.55473,8.00128893262145,32123.0928100365,4.5068173524743,10149124.3180382,3250.55105815845,10327025.07,7.013975231,1044996.584
June_2021_20_10-20,20_10-20,2021-06-23,2021,June,10_20,15,20,2.25,5.695986406,A,192668089.730559,8.28480979145094,2804604.30623026,6.44787159652163,16434483.1530604,239231.220313652,2837192.629,6.452888823,242010.9865
June_2021_20_100-125,20_100-125,2021-06-23,2021,June,100_125,112.5,20,2.25,5.695986406,A,39551746.2862011,7.59716566319952,414402.72722025,5.61742260487619,3804432.94585964,39860.8793877917,3310862.424,6.519941135,318467.7104
June_2021_20_150-175,20_150-175,2021-06-23,2021,June,150_175,162.5,20,2.25,5.695986406,A,22730393.4098215,7.35660695240935,11764907.5160095,7.0705885175346,2399093.40103661,1241734.42476665,81324.65739,4.910222242,8583.461156
June_2021_20_20-30,20_20-30,2021-06-23,2021,June,20_30,25,20,2.25,5.695986406,A,254706022.383414,8.4060392137385,5135421.44970103,6.71057609073151,23804301.1573284,479945.9298786,3007856.729,6.478257146,281108.1056
June_2021_20_30-40,20_30-40,2021-06-23,2021,June,30_40,35,20,2.25,5.695986406,A,66860915.9068748,7.82517232156222,217937.78944629,5.33833254151314,13161597.6194636,42901.1396547815,143171.5733,5.155856797,28183.38057
June_2021_20_40-50,20_40-50,2021-06-23,2021,June,40_50,45,20,2.25,5.695986406,A,57514748.5158834,7.75977922517226,1367216.20464948,6.1358371971294,10825019.2073621,257327.764753419,28393.42741,4.45321782,5344.010102
June_2021_20_50-75,20_50-75,2021-06-23,2021,June,50_75,62.5,20,2.25,5.695986406,A,50155020.2398433,7.70031441000533,4910429.31934675,6.69111946419472,6904706.41925186,676005.565952134,321890.3764,5.507707993,44313.7803
June_2021_20_75-100,20_75-100,2021-06-23,2021,June,75_100,87.5,20,2.25,5.695986406,A,26358549.3616558,7.42092150525566,12789171.5991237,7.10684241456615,2983986.72018745,1447830.74707061,64486.70086,4.809470159,7300.381229
June_2021_21_0-10,June_2021_21_0-10,2021-06-23,2021,June,0_10,5,21,Amb,5.411051175,A,1193326189.43932,9.07675917201105,150589679.199002,8.17779520811623,119562546.918776,15087983.272347,4008292.817,6.60295944,401601.5925
June_2021_21_10-20,June_2021_21_10-20,2021-06-23,2021,June,10_20,15,21,Amb,5.411051175,A,711581371.141655,8.85222456993987,94678368.3692197,7.97625076494832,55046860.78643,7324175.66629813,2912689.441,6.464294181,225321.2586
June_2021_21_100-125,June_2021_21_100-125,2021-06-23,2021,June,100_125,112.5,21,Amb,5.411051175,A,126957043.565749,8.10365680049828,67145337.2889445,7.82701585974501,13845592.5515327,7322689.27920097,1830.83846,3.262650027,199.6663015
June_2021_21_150-175,June_2021_21_150-175,2021-06-23,2021,June,150_175,162.5,21,Amb,5.411051175,A,100793912.496413,8.00343430344829,83440135.7471191,7.92137500196422,10495595.9152458,8688559.91621707,18041.13185,4.256263781,1878.60978
June_2021_21_20-30,June_2021_21_20-30,2021-06-23,2021,June,20_30,25,21,Amb,5.411051175,A,3762014138.16093,9.57542042335517,537193934.949739,8.73013110073396,512032170.033246,73115242.5640477,1602806.431,6.204881076,218151.3478
June_2021_21_30-40,June_2021_21_30-40,2021-06-23,2021,June,30_40,35,21,Amb,5.411051175,A,591219185.861661,8.77174851905837,121108676.645787,8.08317525862117,114324151.9622,23418804.8762572,13730.24253,4.137678209,2655.019273
June_2021_21_40-50,June_2021_21_40-50,2021-06-23,2021,June,40_50,45,21,Amb,5.411051175,A,243489389.9948,8.38648004166111,246473441.895226,8.39177012986177,32158976.0370491,32553096.0993695,14437.74466,4.159499357,1906.871936
June_2021_21_50-75,June_2021_21_50-75,2021-06-23,2021,June,50_75,62.5,21,Amb,5.411051175,A,401509798.540915,8.60369614837018,219797442.559193,8.3420226349078,52561282.7180834,28773483.3895671,284806.4741,5.454549857,37283.75661
June_2021_21_75-100,June_2021_21_75-100,2021-06-23,2021,June,75_100,87.5,21,Amb,5.411051175,A,317632317.198239,8.5019246828824,181838447.355934,8.25968571446995,35480205.6444842,20311741.4599714,53296.1211,4.726695602,5953.290123
June_2021_4_0-10,4_0-10,2021-06-23,2021,June,0_10,5,4,4.5,8.340213293,E,8218730213.81369,9.91480472462863,8617219.00320514,6.93536713050794,821873021.381369,861721.900320514,414413486.4,8.61743388,41441348.64
June_2021_4_10-20,4_10-20,2021-06-23,2021,June,10_20,15,4,4.5,8.340213293,E,7748469532.23652,9.88921592968788,91169977.6453466,7.95985184831168,722575531.776024,8501962.20105414,208621520.1,8.319359105,19454784.61
June_2021_4_100-125,4_100-125,2021-06-23,2021,June,100_125,112.5,4,4.5,8.340213293,E,16934088.4417288,7.22876182363302,10299149.3537664,7.01280135614,2073561.85000761,1261120.32903262,1243549.542,6.094663092,152271.3725
June_2021_4_150-175,4_150-175,2021-06-23,2021,June,150_175,162.5,4,4.5,8.340213293,E,64895625.272727,7.81221542123871,15167942.1660597,7.18092666407304,8188336.89881866,1913845.81003013,1141120.95,6.057331679,143983.2461
June_2021_4_20-30,4_20-30,2021-06-23,2021,June,20_30,25,4,4.5,8.340213293,E,8918272660.98145,9.9502807460299,130412059.299096,8.11531775278315,581265443.453167,8499854.8891403,98355591.8,7.992799056,6410513.432
June_2021_4_30-40,4_30-40,2021-06-23,2021,June,30_40,35,4,4.5,8.340213293,E,133639660.348391,8.12593536318723,33516898.6425287,7.52526382604566,23864225.0622126,5985160.47188013,1825304.975,6.261335438,325947.317
June_2021_4_40-50,4_40-50,2021-06-23,2021,June,40_50,45,4,4.5,8.340213293,E,58827352.6879244,7.769579304976,34025202.8487336,7.5318007230252,8761520.61309513,5067583.40300287,475840.3034,5.677461224,70869.83241
June_2021_4_50-75,4_50-75,2021-06-23,2021,June,50_75,62.5,4,4.5,8.340213293,E,72683610.0452445,7.86143648968434,31060166.4653828,7.49220377897797,9336827.37735355,3989942.33250966,1457416.284,6.163583618,187217.5068
June_2021_4_75-100,4_75-100,2021-06-23,2021,June,75_100,87.5,4,4.5,8.340213293,E,54360689.6197403,7.73528495755546,30478143.3088849,7.48398850678612,6177351.09315231,3463425.37600964,1719622.49,6.235433116,195411.6466
June_2021_6_0-10,6_0-10,2021-06-23,2021,June,0_10,5,6,0,3.676107216,A,3363493574.46313,9.52679060235393,11877141.0582076,7.07471191437684,186147545.151586,657322.69215271,83498838.01,7.921680432,4621118.897
June_2021_6_10-20,6_10-20,2021-06-23,2021,June,10_20,15,6,0,3.676107216,A,5062588536.83959,9.7043726314276,116505242.238171,8.066345467198,197610333.222363,4547602.39219627,154306430.6,8.188384025,6023113.46
June_2021_6_100-125,6_100-125,2021-06-23,2021,June,100_125,112.5,6,0,3.676107216,A,15494221.1504654,7.19016975040064,22033135.7693361,7.34307631060538,1816374.0602677,2582925.32997546,3702272.008,6.568468323,434014.1252
June_2021_6_150-175,6_150-175,2021-06-23,2021,June,150_175,162.5,6,0,3.676107216,A,29867094.6640623,7.47519297845503,5170152.43143861,6.71350334757301,3437533.53680717,595055.279844821,4588591.169,6.661679365,528120.8704
June_2021_6_20-30,6_20-30,2021-06-23,2021,June,20_30,25,6,0,3.676107216,A,288665190.542858,8.46039441648684,38483378.5699976,7.58527319304082,21525702.5452609,2869697.44594628,35316674.9,7.547979808,2633557.019
June_2021_6_30-40,6_30-40,2021-06-23,2021,June,30_40,35,6,0,3.676107216,A,724979131.617973,8.86032550566948,239642356.574459,8.37956358166717,76694399.1531988,25351387.0228469,63014925.93,7.79944343,6666249.649
June_2021_6_40-50,6_40-50,2021-06-23,2021,June,40_50,45,6,0,3.676107216,A,958118260.175027,8.98141911719092,159370030.505765,8.20240665576973,126117727.763707,20977980.4398552,22064633.69,7.343696722,2904382.037
June_2021_6_50-75,6_50-75,2021-06-23,2021,June,50_75,62.5,6,0,3.676107216,A,68537711.9487933,7.83592960192344,62560738.9438254,7.79630186980452,11033533.1735747,10071331.0799719,2233301.738,6.348947404,359527.7418
June_2021_6_75-100,6_75-100,2021-06-23,2021,June,75_100,87.5,6,0,3.676107216,A,129651859.421516,8.11277874964924,22168780.1175068,7.34574179582935,15458490.9310269,2643200.70631812,9191649.201,6.963393441,1095927.405
June_2021_7_0-10,June_2021_7_0-10,2021-06-23,2021,June,0_10,5,7,Amb,5.361659135,A,3766757988.41938,9.57596771798124,10636217.4530393,7.02678720772023,176677203.959633,498884.495921167,304630215.7,8.483772978,14288471.66
June_2021_7_10-20,June_2021_7_10-20,2021-06-23,2021,June,10_20,15,7,Amb,5.361659135,A,7449587979.76586,9.87213225354529,65815546.6390452,7.81832849273318,328055250.485102,2898299.30153594,1084721618,9.035318296,47767557.51
June_2021_7_100-125,June_2021_7_100-125,2021-06-23,2021,June,100_125,112.5,7,Amb,5.361659135,A,53687175.2066254,7.72987055381519,24032036.4619535,7.38079057424606,6303777.91075836,2821765.53369317,23641.13731,4.373668365,2775.867394
June_2021_7_150-175,June_2021_7_150-175,2021-06-23,2021,June,150_175,162.5,7,Amb,5.361659135,A,192673090.521307,8.28482106362188,79804647.3160713,7.90202818264093,21694107.5205288,8985637.77032101,451479.1286,5.654637678,50834.48204
June_2021_7_20-30,June_2021_7_20-30,2021-06-23,2021,June,20_30,25,7,Amb,5.361659135,A,1608493587.91173,9.20641933397277,177822351.745234,8.24998634960104,144313443.401426,15954154.9229369,39499854.01,7.596595491,3543912.136
June_2021_7_30-40,June_2021_7_30-40,2021-06-23,2021,June,30_40,35,7,Amb,5.361659135,A,1180692366.16758,9.0721367552936,211636277.292517,8.32559011363522,188910778.586812,33861804.3668026,924562.6204,5.965936331,147930.0193
June_2021_7_40-50,June_2021_7_40-50,2021-06-23,2021,June,40_50,45,7,Amb,5.361659135,A,865725446.826085,8.93738018320255,139614772.075174,8.14493137166341,157404626.695652,25384504.013668,657158.2241,5.817669947,119483.3135
June_2021_7_50-75,June_2021_7_50-75,2021-06-23,2021,June,50_75,62.5,7,Amb,5.361659135,A,777057356.159907,8.89045307612964,239014141.574938,8.37842359729236,105165657.224649,32347778.5590142,476288.1789,5.677869803,64460.05429
June_2021_7_75-100,June_2021_7_75-100,2021-06-23,2021,June,75_100,87.5,7,Amb,5.361659135,A,73867645.6011804,7.8684542568833,43090409.6226502,7.63438062256391,11663312.4633443,6803748.88778687,39591.16729,4.597598307,6251.236941
June_2021_8_0-10,8_0-10,2021-06-23,2021,June,0_10,5,8,6.75,10.10613425,A,647612702.31484,8.8113153584432,2611426.75438611,6.41687784919961,54495785.1262977,219748.239605876,98482984.95,7.993361203,8287217.911
June_2021_8_10-20,8_10-20,2021-06-23,2021,June,10_20,15,8,6.75,10.10613425,A,705450889.644142,8.84846678549089,7849537.42802771,6.89484406459567,58575344.6274919,651766.64564851,145115081.2,8.161712549,12049266.67
June_2021_8_100-125,8_100-125,2021-06-23,2021,June,100_125,112.5,8,6.75,10.10613425,A,132561481.919218,8.12241735046364,11909621.9377252,7.07589797533955,16570185.2399022,1488702.74221565,13614300.76,7.133995341,1701787.595
June_2021_8_150-175,8_150-175,2021-06-23,2021,June,150_175,162.5,8,6.75,10.10613425,A,43364797.5685431,7.63713732339854,450165.836650106,5.65337253305162,5410033.22492545,56161.0400499157,2432221.736,6.386003165,303435.0703
June_2021_8_20-30,8_20-30,2021-06-23,2021,June,20_30,25,8,6.75,10.10613425,A,162994321.265416,8.21217247381466,17035858.3414654,7.23136402012115,22034417.5043989,2302995.66467959,69151448.56,7.839801282,9348251.379
June_2021_8_30-40,8_30-40,2021-06-23,2021,June,30_40,35,8,6.75,10.10613425,A,271240707.517397,8.43335486854121,26017683.0189761,7.41526861824872,45910392.128431,4403771.25029362,2740788.485,6.437875521,463907.7786
June_2021_8_40-50,8_40-50,2021-06-23,2021,June,40_50,45,8,6.75,10.10613425,A,78869061.0878018,7.89690667071301,8966757.3719176,6.95263541850848,13144843.5146336,1494459.56198627,6263693.484,6.796830497,1043948.914
June_2021_8_50-75,8_50-75,2021-06-23,2021,June,50_75,62.5,8,6.75,10.10613425,A,14153097.9759407,7.15085151311785,3259875.81298576,6.51320105566232,2590283.9691816,596618.780867205,2990429.657,6.475733591,547305.0505
June_2021_8_75-100,8_75-100,2021-06-23,2021,June,75_100,87.5,8,6.75,10.10613425,A,19512122.2189457,7.29030450762381,3421156.00047262,6.53417287792658,2563357.23268502,449445.984375815,3607799.801,6.55724243,473965.8562
